
> subscription-guide@1.0.0 start
> expo start --localhost

env: load .env
env: export EXPO_PUBLIC_CLERK_PUBLISHABLE_KEY
Starting project at D:\React-Native-Projects\subscription-guide
React Compiler enabled
Starting Metro Bundler
Waiting on http://localhost:8081
Logs for your project will appear below.
Web node_modules\expo-router\entry.js ░░░░░░░░░░░░░░░░  0.0% (0/1)
Web node_modules\expo-router\entry.js ▓▓▓▓▓▓▓▓▓▓▓▓▓▓░░ 93.7% (762/787)
λ node_modules\expo-router\node\render.js ▓▓▓▓▓▓▓▓▓▓▓▓▓▓▓░ 98.3% (836/878)
λ Bundled 6267ms node_modules\expo-router\node\render.js (1019 modules)
Web node_modules\expo-router\entry.js ▓▓▓▓▓▓▓▓▓▓▓▓▓▓▓░ 99.9% (1016/1016)
Web Bundled 7117ms node_modules\expo-router\entry.js (1016 modules)
Web Bundled 1481ms node_modules\expo-router\entry.js (1017 modules)
 LOG  [web] Logs will appear in the browser console
Android node_modules\expo-router\entry.js ░░░░░░░░░░░░░░░░  0.0% (0/1)
Android node_modules\expo-router\entry.js ▓▓▓▓▓▓▓▓▓▓▓▓▓▓▓░ 99.2% (1785/1792)
Android Bundled 5026ms node_modules\expo-router\entry.js (1829 modules)
 WARN  Route "./(auth)/_layout.tsx" is missing the required default export. Ensure a React component is exported as default.
 WARN  Route "./(auth)/sign-in.tsx" is missing the required default export. Ensure a React component is exported as default.
 WARN  Route "./(auth)/sign-up.tsx" is missing the required default export. Ensure a React component is exported as default.
 WARN  Route "./(home)/_layout.tsx" is missing the required default export. Ensure a React component is exported as default.
 WARN  Route "./(home)/index.tsx" is missing the required default export. Ensure a React component is exported as default.
 WARN  Route "./(tabs)/_layout.tsx" is missing the required default export. Ensure a React component is exported as default.
 WARN  Route "./_layout.tsx" is missing the required default export. Ensure a React component is exported as default.
 ERROR  [Error: Cannot find native module 'ExpoCryptoAES'] 

Call Stack
  requireNativeModule (node_modules\expo-modules-core\src\requireNativeModule.ts)
  <global> (node_modules\expo-auth-session\node_modules\expo-crypto\build\aes\ExpoCryptoAES.js)
  loadModuleImplementation (node_modules\expo\node_modules\@expo\cli\build\metro-require\require.js)
  guardedLoadModule (node_modules\expo\node_modules\@expo\cli\build\metro-require\require.js)
  metroRequire (node_modules\expo\node_modules\@expo\cli\build\metro-require\require.js)
  <global> (node_modules\expo-auth-session\node_modules\expo-crypto\build\aes\index.js)
  loadModuleImplementation (node_modules\expo\node_modules\@expo\cli\build\metro-require\require.js)
  guardedLoadModule (node_modules\expo\node_modules\@expo\cli\build\metro-require\require.js)
  metroRequire (node_modules\expo\node_modules\@expo\cli\build\metro-require\require.js)
  <global> (node_modules\expo-auth-session\node_modules\expo-crypto\build\Crypto.js)
  loadModuleImplementation (node_modules\expo\node_modules\@expo\cli\build\metro-require\require.js)
  guardedLoadModule (node_modules\expo\node_modules\@expo\cli\build\metro-require\require.js)
  metroRequire (node_modules\expo\node_modules\@expo\cli\build\metro-require\require.js)
  <global> (node_modules\expo-auth-session\build\PKCE.js)
  loadModuleImplementation (node_modules\expo\node_modules\@expo\cli\build\metro-require\require.js)
  guardedLoadModule (node_modules\expo\node_modules\@expo\cli\build\metro-require\require.js)
  metroRequire (node_modules\expo\node_modules\@expo\cli\build\metro-require\require.js)
  <global> (node_modules\expo-auth-session\build\AuthRequest.js)
  loadModuleImplementation (node_modules\expo\node_modules\@expo\cli\build\metro-require\require.js)
  guardedLoadModule (node_modules\expo\node_modules\@expo\cli\build\metro-require\require.js)
  metroRequire (node_modules\expo\node_modules\@expo\cli\build\metro-require\require.js)
  <global> (node_modules\expo-auth-session\build\index.js)
  loadModuleImplementation (node_modules\expo\node_modules\@expo\cli\build\metro-require\require.js)
  guardedLoadModule (node_modules\expo\node_modules\@expo\cli\build\metro-require\require.js)
  metroRequire (node_modules\expo\node_modules\@expo\cli\build\metro-require\require.js)
  <global> (node_modules\@clerk\expo\dist\hooks\useSSO.js)
  loadModuleImplementation (node_modules\expo\node_modules\@expo\cli\build\metro-require\require.js)
  guardedLoadModule (node_modules\expo\node_modules\@expo\cli\build\metro-require\require.js)
  metroRequire (node_modules\expo\node_modules\@expo\cli\build\metro-require\require.js)
  <global> (node_modules\@clerk\expo\dist\hooks\index.js)
  loadModuleImplementation (node_modules\expo\node_modules\@expo\cli\build\metro-require\require.js)
  guardedLoadModule (node_modules\expo\node_modules\@expo\cli\build\metro-require\require.js)
  metroRequire (node_modules\expo\node_modules\@expo\cli\build\metro-require\require.js)
  <global> (node_modules\@clerk\expo\dist\index.js)
  loadModuleImplementation (node_modules\expo\node_modules\@expo\cli\build\metro-require\require.js)
  guardedLoadModule (node_modules\expo\node_modules\@expo\cli\build\metro-require\require.js)
  metroRequire (node_modules\expo\node_modules\@expo\cli\build\metro-require\require.js)
  <global> (app\(auth)\_layout.tsx)
  loadModuleImplementation (node_modules\expo\node_modules\@expo\cli\build\metro-require\require.js)
  guardedLoadModule (node_modules\expo\node_modules\@expo\cli\build\metro-require\require.js)
  metroRequire (node_modules\expo\node_modules\@expo\cli\build\metro-require\require.js)
  Object.defineProperties$argument_1.auth_layoutTsx.get (app)
  metroContext (app)
  node.loadRoute (node_modules\expo-router\build\getRoutesCore.js)
  getDirectoryTree (node_modules\expo-router\build\getRoutesCore.js)
  getDirectoryTree (node_modules\expo-router\build\getRoutesCore.js)
  getRoutes (node_modules\expo-router\build\getRoutesCore.js)
  getRoutes (node_modules\expo-router\build\getRoutes.js)
  useStore (node_modules\expo-router\build\global-state\router-store.js)
  ContextNavigator (node_modules\expo-router\build\ExpoRoot.js)
  callComponent.reactStackBottomFrame (node_modules\react-native\Libraries\Renderer\implementations\ReactFabric-dev.js)
  renderWithHooks (node_modules\react-native\Libraries\Renderer\implementations\ReactFabric-dev.js)
  updateFunctionComponent (node_modules\react-native\Libraries\Renderer\implementations\ReactFabric-dev.js)
  beginWork (node_modules\react-native\Libraries\Renderer\implementations\ReactFabric-dev.js)
  runWithFiberInDEV (node_modules\react-native\Libraries\Renderer\implementations\ReactFabric-dev.js)
  performUnitOfWork (node_modules\react-native\Libraries\Renderer\implementations\ReactFabric-dev.js)
  workLoopSync (node_modules\react-native\Libraries\Renderer\implementations\ReactFabric-dev.js)
  renderRootSync (node_modules\react-native\Libraries\Renderer\implementations\ReactFabric-dev.js)
  performWorkOnRoot (node_modules\react-native\Libraries\Renderer\implementations\ReactFabric-dev.js)
  performWorkOnRootViaSchedulerTask (node_modules\react-native\Libraries\Renderer\implementations\ReactFabric-dev.js) 

Call Stack
  ExpoRoot (node_modules\expo-router\build\ExpoRoot.js)
  App (node_modules\expo-router\build\qualified-entry.js)
  WithDevTools (node_modules\expo\src\launch\withDevTools.tsx)
 ERROR  [Error: Cannot find native module 'ExpoCryptoAES'] 

Call Stack
  requireNativeModule (node_modules\expo-modules-core\src\requireNativeModule.ts)
  <global> (node_modules\expo-auth-session\node_modules\expo-crypto\build\aes\ExpoCryptoAES.js)
  loadModuleImplementation (node_modules\expo\node_modules\@expo\cli\build\metro-require\require.js)
  guardedLoadModule (node_modules\expo\node_modules\@expo\cli\build\metro-require\require.js)
  metroRequire (node_modules\expo\node_modules\@expo\cli\build\metro-require\require.js)
  <global> (node_modules\expo-auth-session\node_modules\expo-crypto\build\aes\index.js)
  loadModuleImplementation (node_modules\expo\node_modules\@expo\cli\build\metro-require\require.js)
  guardedLoadModule (node_modules\expo\node_modules\@expo\cli\build\metro-require\require.js)
  metroRequire (node_modules\expo\node_modules\@expo\cli\build\metro-require\require.js)
  <global> (node_modules\expo-auth-session\node_modules\expo-crypto\build\Crypto.js)
  loadModuleImplementation (node_modules\expo\node_modules\@expo\cli\build\metro-require\require.js)
  guardedLoadModule (node_modules\expo\node_modules\@expo\cli\build\metro-require\require.js)
  metroRequire (node_modules\expo\node_modules\@expo\cli\build\metro-require\require.js)
  <global> (node_modules\expo-auth-session\build\PKCE.js)
  loadModuleImplementation (node_modules\expo\node_modules\@expo\cli\build\metro-require\require.js)
  guardedLoadModule (node_modules\expo\node_modules\@expo\cli\build\metro-require\require.js)
  metroRequire (node_modules\expo\node_modules\@expo\cli\build\metro-require\require.js)
  <global> (node_modules\expo-auth-session\build\AuthRequest.js)
  loadModuleImplementation (node_modules\expo\node_modules\@expo\cli\build\metro-require\require.js)
  guardedLoadModule (node_modules\expo\node_modules\@expo\cli\build\metro-require\require.js)
  metroRequire (node_modules\expo\node_modules\@expo\cli\build\metro-require\require.js)
  <global> (node_modules\expo-auth-session\build\index.js)
  loadModuleImplementation (node_modules\expo\node_modules\@expo\cli\build\metro-require\require.js)
  guardedLoadModule (node_modules\expo\node_modules\@expo\cli\build\metro-require\require.js)
  metroRequire (node_modules\expo\node_modules\@expo\cli\build\metro-require\require.js)
  <global> (node_modules\@clerk\expo\dist\hooks\useSSO.js)
  loadModuleImplementation (node_modules\expo\node_modules\@expo\cli\build\metro-require\require.js)
  guardedLoadModule (node_modules\expo\node_modules\@expo\cli\build\metro-require\require.js)
  metroRequire (node_modules\expo\node_modules\@expo\cli\build\metro-require\require.js)
  <global> (node_modules\@clerk\expo\dist\hooks\index.js)
  loadModuleImplementation (node_modules\expo\node_modules\@expo\cli\build\metro-require\require.js)
  guardedLoadModule (node_modules\expo\node_modules\@expo\cli\build\metro-require\require.js)
  metroRequire (node_modules\expo\node_modules\@expo\cli\build\metro-require\require.js)
  <global> (node_modules\@clerk\expo\dist\index.js)
  loadModuleImplementation (node_modules\expo\node_modules\@expo\cli\build\metro-require\require.js)
  guardedLoadModule (node_modules\expo\node_modules\@expo\cli\build\metro-require\require.js)
  metroRequire (node_modules\expo\node_modules\@expo\cli\build\metro-require\require.js)
  <global> (app\(auth)\_layout.tsx)
  loadModuleImplementation (node_modules\expo\node_modules\@expo\cli\build\metro-require\require.js)
  guardedLoadModule (node_modules\expo\node_modules\@expo\cli\build\metro-require\require.js)
  metroRequire (node_modules\expo\node_modules\@expo\cli\build\metro-require\require.js)
  Object.defineProperties$argument_1.auth_layoutTsx.get (app)
  metroContext (app)
  node.loadRoute (node_modules\expo-router\build\getRoutesCore.js)
  getDirectoryTree (node_modules\expo-router\build\getRoutesCore.js)
  getDirectoryTree (node_modules\expo-router\build\getRoutesCore.js)
  getRoutes (node_modules\expo-router\build\getRoutesCore.js)
  getRoutes (node_modules\expo-router\build\getRoutes.js)
  useStore (node_modules\expo-router\build\global-state\router-store.js)
  ContextNavigator (node_modules\expo-router\build\ExpoRoot.js)
  callComponent.reactStackBottomFrame (node_modules\react-native\Libraries\Renderer\implementations\ReactFabric-dev.js)
  renderWithHooks (node_modules\react-native\Libraries\Renderer\implementations\ReactFabric-dev.js)
  updateFunctionComponent (node_modules\react-native\Libraries\Renderer\implementations\ReactFabric-dev.js)
  beginWork (node_modules\react-native\Libraries\Renderer\implementations\ReactFabric-dev.js)
  runWithFiberInDEV (node_modules\react-native\Libraries\Renderer\implementations\ReactFabric-dev.js)
  performUnitOfWork (node_modules\react-native\Libraries\Renderer\implementations\ReactFabric-dev.js)
  workLoopSync (node_modules\react-native\Libraries\Renderer\implementations\ReactFabric-dev.js)
  renderRootSync (node_modules\react-native\Libraries\Renderer\implementations\ReactFabric-dev.js)
  performWorkOnRoot (node_modules\react-native\Libraries\Renderer\implementations\ReactFabric-dev.js)
  performWorkOnRootViaSchedulerTask (node_modules\react-native\Libraries\Renderer\implementations\ReactFabric-dev.js) 

Call Stack
  ExpoRoot (node_modules\expo-router\build\ExpoRoot.js)
  App (node_modules\expo-router\build\qualified-entry.js)
  WithDevTools (node_modules\expo\src\launch\withDevTools.tsx)
 ERROR  [Error: Cannot find native module 'ExpoCryptoAES'] 

Call Stack
  requireNativeModule (node_modules\expo-modules-core\src\requireNativeModule.ts)
  <global> (node_modules\expo-auth-session\node_modules\expo-crypto\build\aes\ExpoCryptoAES.js)
  loadModuleImplementation (node_modules\expo\node_modules\@expo\cli\build\metro-require\require.js)
  guardedLoadModule (node_modules\expo\node_modules\@expo\cli\build\metro-require\require.js)
  metroRequire (node_modules\expo\node_modules\@expo\cli\build\metro-require\require.js)
  <global> (node_modules\expo-auth-session\node_modules\expo-crypto\build\aes\index.js)
  loadModuleImplementation (node_modules\expo\node_modules\@expo\cli\build\metro-require\require.js)
  guardedLoadModule (node_modules\expo\node_modules\@expo\cli\build\metro-require\require.js)
  metroRequire (node_modules\expo\node_modules\@expo\cli\build\metro-require\require.js)
  <global> (node_modules\expo-auth-session\node_modules\expo-crypto\build\Crypto.js)
  loadModuleImplementation (node_modules\expo\node_modules\@expo\cli\build\metro-require\require.js)
  guardedLoadModule (node_modules\expo\node_modules\@expo\cli\build\metro-require\require.js)
  metroRequire (node_modules\expo\node_modules\@expo\cli\build\metro-require\require.js)
  <global> (node_modules\expo-auth-session\build\PKCE.js)
  loadModuleImplementation (node_modules\expo\node_modules\@expo\cli\build\metro-require\require.js)
  guardedLoadModule (node_modules\expo\node_modules\@expo\cli\build\metro-require\require.js)
  metroRequire (node_modules\expo\node_modules\@expo\cli\build\metro-require\require.js)
  <global> (node_modules\expo-auth-session\build\AuthRequest.js)
  loadModuleImplementation (node_modules\expo\node_modules\@expo\cli\build\metro-require\require.js)
  guardedLoadModule (node_modules\expo\node_modules\@expo\cli\build\metro-require\require.js)
  metroRequire (node_modules\expo\node_modules\@expo\cli\build\metro-require\require.js)
  <global> (node_modules\expo-auth-session\build\index.js)
  loadModuleImplementation (node_modules\expo\node_modules\@expo\cli\build\metro-require\require.js)
  guardedLoadModule (node_modules\expo\node_modules\@expo\cli\build\metro-require\require.js)
  metroRequire (node_modules\expo\node_modules\@expo\cli\build\metro-require\require.js)
  <global> (node_modules\@clerk\expo\dist\hooks\useSSO.js)
  loadModuleImplementation (node_modules\expo\node_modules\@expo\cli\build\metro-require\require.js)
  guardedLoadModule (node_modules\expo\node_modules\@expo\cli\build\metro-require\require.js)
  metroRequire (node_modules\expo\node_modules\@expo\cli\build\metro-require\require.js)
  <global> (node_modules\@clerk\expo\dist\hooks\index.js)
  loadModuleImplementation (node_modules\expo\node_modules\@expo\cli\build\metro-require\require.js)
  guardedLoadModule (node_modules\expo\node_modules\@expo\cli\build\metro-require\require.js)
  metroRequire (node_modules\expo\node_modules\@expo\cli\build\metro-require\require.js)
  <global> (node_modules\@clerk\expo\dist\index.js)
  loadModuleImplementation (node_modules\expo\node_modules\@expo\cli\build\metro-require\require.js)
  guardedLoadModule (node_modules\expo\node_modules\@expo\cli\build\metro-require\require.js)
  metroRequire (node_modules\expo\node_modules\@expo\cli\build\metro-require\require.js)
  <global> (app\(auth)\_layout.tsx)
  loadModuleImplementation (node_modules\expo\node_modules\@expo\cli\build\metro-require\require.js)
  guardedLoadModule (node_modules\expo\node_modules\@expo\cli\build\metro-require\require.js)
  metroRequire (node_modules\expo\node_modules\@expo\cli\build\metro-require\require.js)
  Object.defineProperties$argument_1.auth_layoutTsx.get (app)
  metroContext (app)
  node.loadRoute (node_modules\expo-router\build\getRoutesCore.js)
  getDirectoryTree (node_modules\expo-router\build\getRoutesCore.js)
  getDirectoryTree (node_modules\expo-router\build\getRoutesCore.js)
  getRoutes (node_modules\expo-router\build\getRoutesCore.js)
  getRoutes (node_modules\expo-router\build\getRoutes.js)
  useStore (node_modules\expo-router\build\global-state\router-store.js)
  ContextNavigator (node_modules\expo-router\build\ExpoRoot.js)
  callComponent.reactStackBottomFrame (node_modules\react-native\Libraries\Renderer\implementations\ReactFabric-dev.js)
  renderWithHooks (node_modules\react-native\Libraries\Renderer\implementations\ReactFabric-dev.js)
  updateFunctionComponent (node_modules\react-native\Libraries\Renderer\implementations\ReactFabric-dev.js)
  beginWork (node_modules\react-native\Libraries\Renderer\implementations\ReactFabric-dev.js)
  runWithFiberInDEV (node_modules\react-native\Libraries\Renderer\implementations\ReactFabric-dev.js)
  performUnitOfWork (node_modules\react-native\Libraries\Renderer\implementations\ReactFabric-dev.js)
  workLoopSync (node_modules\react-native\Libraries\Renderer\implementations\ReactFabric-dev.js)
  renderRootSync (node_modules\react-native\Libraries\Renderer\implementations\ReactFabric-dev.js)
  performWorkOnRoot (node_modules\react-native\Libraries\Renderer\implementations\ReactFabric-dev.js)
  performWorkOnRootViaSchedulerTask (node_modules\react-native\Libraries\Renderer\implementations\ReactFabric-dev.js) 

Call Stack
  ExpoRoot (node_modules\expo-router\build\ExpoRoot.js)
  App (node_modules\expo-router\build\qualified-entry.js)
  WithDevTools (node_modules\expo\src\launch\withDevTools.tsx)
 ERROR  [Error: Cannot find native module 'ExpoCryptoAES'] 

Call Stack
  requireNativeModule (node_modules\expo-modules-core\src\requireNativeModule.ts)
  <global> (node_modules\expo-auth-session\node_modules\expo-crypto\build\aes\ExpoCryptoAES.js)
  loadModuleImplementation (node_modules\expo\node_modules\@expo\cli\build\metro-require\require.js)
  guardedLoadModule (node_modules\expo\node_modules\@expo\cli\build\metro-require\require.js)
  metroRequire (node_modules\expo\node_modules\@expo\cli\build\metro-require\require.js)
  <global> (node_modules\expo-auth-session\node_modules\expo-crypto\build\aes\index.js)
  loadModuleImplementation (node_modules\expo\node_modules\@expo\cli\build\metro-require\require.js)
  guardedLoadModule (node_modules\expo\node_modules\@expo\cli\build\metro-require\require.js)
  metroRequire (node_modules\expo\node_modules\@expo\cli\build\metro-require\require.js)
  <global> (node_modules\expo-auth-session\node_modules\expo-crypto\build\Crypto.js)
  loadModuleImplementation (node_modules\expo\node_modules\@expo\cli\build\metro-require\require.js)
  guardedLoadModule (node_modules\expo\node_modules\@expo\cli\build\metro-require\require.js)
  metroRequire (node_modules\expo\node_modules\@expo\cli\build\metro-require\require.js)
  <global> (node_modules\expo-auth-session\build\PKCE.js)
  loadModuleImplementation (node_modules\expo\node_modules\@expo\cli\build\metro-require\require.js)
  guardedLoadModule (node_modules\expo\node_modules\@expo\cli\build\metro-require\require.js)
  metroRequire (node_modules\expo\node_modules\@expo\cli\build\metro-require\require.js)
  <global> (node_modules\expo-auth-session\build\AuthRequest.js)
  loadModuleImplementation (node_modules\expo\node_modules\@expo\cli\build\metro-require\require.js)
  guardedLoadModule (node_modules\expo\node_modules\@expo\cli\build\metro-require\require.js)
  metroRequire (node_modules\expo\node_modules\@expo\cli\build\metro-require\require.js)
  <global> (node_modules\expo-auth-session\build\index.js)
  loadModuleImplementation (node_modules\expo\node_modules\@expo\cli\build\metro-require\require.js)
  guardedLoadModule (node_modules\expo\node_modules\@expo\cli\build\metro-require\require.js)
  metroRequire (node_modules\expo\node_modules\@expo\cli\build\metro-require\require.js)
  <global> (node_modules\@clerk\expo\dist\hooks\useSSO.js)
  loadModuleImplementation (node_modules\expo\node_modules\@expo\cli\build\metro-require\require.js)
  guardedLoadModule (node_modules\expo\node_modules\@expo\cli\build\metro-require\require.js)
  metroRequire (node_modules\expo\node_modules\@expo\cli\build\metro-require\require.js)
  <global> (node_modules\@clerk\expo\dist\hooks\index.js)
  loadModuleImplementation (node_modules\expo\node_modules\@expo\cli\build\metro-require\require.js)
  guardedLoadModule (node_modules\expo\node_modules\@expo\cli\build\metro-require\require.js)
  metroRequire (node_modules\expo\node_modules\@expo\cli\build\metro-require\require.js)
  <global> (node_modules\@clerk\expo\dist\index.js)
  loadModuleImplementation (node_modules\expo\node_modules\@expo\cli\build\metro-require\require.js)
  guardedLoadModule (node_modules\expo\node_modules\@expo\cli\build\metro-require\require.js)
  metroRequire (node_modules\expo\node_modules\@expo\cli\build\metro-require\require.js)
  <global> (app\(auth)\_layout.tsx)
  loadModuleImplementation (node_modules\expo\node_modules\@expo\cli\build\metro-require\require.js)
  guardedLoadModule (node_modules\expo\node_modules\@expo\cli\build\metro-require\require.js)
  metroRequire (node_modules\expo\node_modules\@expo\cli\build\metro-require\require.js)
  Object.defineProperties$argument_1.auth_layoutTsx.get (app)
  metroContext (app)
  node.loadRoute (node_modules\expo-router\build\getRoutesCore.js)
  getDirectoryTree (node_modules\expo-router\build\getRoutesCore.js)
  getDirectoryTree (node_modules\expo-router\build\getRoutesCore.js)
  getRoutes (node_modules\expo-router\build\getRoutesCore.js)
  getRoutes (node_modules\expo-router\build\getRoutes.js)
  useStore (node_modules\expo-router\build\global-state\router-store.js)
  ContextNavigator (node_modules\expo-router\build\ExpoRoot.js)
  callComponent.reactStackBottomFrame (node_modules\react-native\Libraries\Renderer\implementations\ReactFabric-dev.js)
  renderWithHooks (node_modules\react-native\Libraries\Renderer\implementations\ReactFabric-dev.js)
  updateFunctionComponent (node_modules\react-native\Libraries\Renderer\implementations\ReactFabric-dev.js)
  beginWork (node_modules\react-native\Libraries\Renderer\implementations\ReactFabric-dev.js)
  runWithFiberInDEV (node_modules\react-native\Libraries\Renderer\implementations\ReactFabric-dev.js)
  performUnitOfWork (node_modules\react-native\Libraries\Renderer\implementations\ReactFabric-dev.js)
  workLoopSync (node_modules\react-native\Libraries\Renderer\implementations\ReactFabric-dev.js)
  renderRootSync (node_modules\react-native\Libraries\Renderer\implementations\ReactFabric-dev.js)
  performWorkOnRoot (node_modules\react-native\Libraries\Renderer\implementations\ReactFabric-dev.js)
  performWorkOnRootViaSchedulerTask (node_modules\react-native\Libraries\Renderer\implementations\ReactFabric-dev.js) 

Call Stack
  ExpoRoot (node_modules\expo-router\build\ExpoRoot.js)
  App (node_modules\expo-router\build\qualified-entry.js)
  WithDevTools (node_modules\expo\src\launch\withDevTools.tsx)
 ERROR  [Error: Cannot find native module 'ExpoCryptoAES'] 

Call Stack
  requireNativeModule (node_modules\expo-modules-core\src\requireNativeModule.ts)
  <global> (node_modules\expo-auth-session\node_modules\expo-crypto\build\aes\ExpoCryptoAES.js)
  loadModuleImplementation (node_modules\expo\node_modules\@expo\cli\build\metro-require\require.js)
  guardedLoadModule (node_modules\expo\node_modules\@expo\cli\build\metro-require\require.js)
  metroRequire (node_modules\expo\node_modules\@expo\cli\build\metro-require\require.js)
  <global> (node_modules\expo-auth-session\node_modules\expo-crypto\build\aes\index.js)
  loadModuleImplementation (node_modules\expo\node_modules\@expo\cli\build\metro-require\require.js)
  guardedLoadModule (node_modules\expo\node_modules\@expo\cli\build\metro-require\require.js)
  metroRequire (node_modules\expo\node_modules\@expo\cli\build\metro-require\require.js)
  <global> (node_modules\expo-auth-session\node_modules\expo-crypto\build\Crypto.js)
  loadModuleImplementation (node_modules\expo\node_modules\@expo\cli\build\metro-require\require.js)
  guardedLoadModule (node_modules\expo\node_modules\@expo\cli\build\metro-require\require.js)
  metroRequire (node_modules\expo\node_modules\@expo\cli\build\metro-require\require.js)
  <global> (node_modules\expo-auth-session\build\PKCE.js)
  loadModuleImplementation (node_modules\expo\node_modules\@expo\cli\build\metro-require\require.js)
  guardedLoadModule (node_modules\expo\node_modules\@expo\cli\build\metro-require\require.js)
  metroRequire (node_modules\expo\node_modules\@expo\cli\build\metro-require\require.js)
  <global> (node_modules\expo-auth-session\build\AuthRequest.js)
  loadModuleImplementation (node_modules\expo\node_modules\@expo\cli\build\metro-require\require.js)
  guardedLoadModule (node_modules\expo\node_modules\@expo\cli\build\metro-require\require.js)
  metroRequire (node_modules\expo\node_modules\@expo\cli\build\metro-require\require.js)
  <global> (node_modules\expo-auth-session\build\index.js)
  loadModuleImplementation (node_modules\expo\node_modules\@expo\cli\build\metro-require\require.js)
  guardedLoadModule (node_modules\expo\node_modules\@expo\cli\build\metro-require\require.js)
  metroRequire (node_modules\expo\node_modules\@expo\cli\build\metro-require\require.js)
  <global> (node_modules\@clerk\expo\dist\hooks\useSSO.js)
  loadModuleImplementation (node_modules\expo\node_modules\@expo\cli\build\metro-require\require.js)
  guardedLoadModule (node_modules\expo\node_modules\@expo\cli\build\metro-require\require.js)
  metroRequire (node_modules\expo\node_modules\@expo\cli\build\metro-require\require.js)
  <global> (node_modules\@clerk\expo\dist\hooks\index.js)
  loadModuleImplementation (node_modules\expo\node_modules\@expo\cli\build\metro-require\require.js)
  guardedLoadModule (node_modules\expo\node_modules\@expo\cli\build\metro-require\require.js)
  metroRequire (node_modules\expo\node_modules\@expo\cli\build\metro-require\require.js)
  <global> (node_modules\@clerk\expo\dist\index.js)
  loadModuleImplementation (node_modules\expo\node_modules\@expo\cli\build\metro-require\require.js)
  guardedLoadModule (node_modules\expo\node_modules\@expo\cli\build\metro-require\require.js)
  metroRequire (node_modules\expo\node_modules\@expo\cli\build\metro-require\require.js)
  <global> (app\(auth)\_layout.tsx)
  loadModuleImplementation (node_modules\expo\node_modules\@expo\cli\build\metro-require\require.js)
  guardedLoadModule (node_modules\expo\node_modules\@expo\cli\build\metro-require\require.js)
  metroRequire (node_modules\expo\node_modules\@expo\cli\build\metro-require\require.js)
  Object.defineProperties$argument_1.auth_layoutTsx.get (app)
  metroContext (app)
  node.loadRoute (node_modules\expo-router\build\getRoutesCore.js)
  getDirectoryTree (node_modules\expo-router\build\getRoutesCore.js)
  getDirectoryTree (node_modules\expo-router\build\getRoutesCore.js)
  getRoutes (node_modules\expo-router\build\getRoutesCore.js)
  getRoutes (node_modules\expo-router\build\getRoutes.js)
  useStore (node_modules\expo-router\build\global-state\router-store.js)
  ContextNavigator (node_modules\expo-router\build\ExpoRoot.js)
  callComponent.reactStackBottomFrame (node_modules\react-native\Libraries\Renderer\implementations\ReactFabric-dev.js)
  renderWithHooks (node_modules\react-native\Libraries\Renderer\implementations\ReactFabric-dev.js)
  updateFunctionComponent (node_modules\react-native\Libraries\Renderer\implementations\ReactFabric-dev.js)
  beginWork (node_modules\react-native\Libraries\Renderer\implementations\ReactFabric-dev.js)
  runWithFiberInDEV (node_modules\react-native\Libraries\Renderer\implementations\ReactFabric-dev.js)
  performUnitOfWork (node_modules\react-native\Libraries\Renderer\implementations\ReactFabric-dev.js)
  workLoopSync (node_modules\react-native\Libraries\Renderer\implementations\ReactFabric-dev.js)
  renderRootSync (node_modules\react-native\Libraries\Renderer\implementations\ReactFabric-dev.js)
  performWorkOnRoot (node_modules\react-native\Libraries\Renderer\implementations\ReactFabric-dev.js)
  performWorkOnRootViaSchedulerTask (node_modules\react-native\Libraries\Renderer\implementations\ReactFabric-dev.js) 

Call Stack
  ExpoRoot (node_modules\expo-router\build\ExpoRoot.js)
  App (node_modules\expo-router\build\qualified-entry.js)
  WithDevTools (node_modules\expo\src\launch\withDevTools.tsx)
 ERROR  [Error: Cannot find native module 'ExpoCryptoAES'] 

Call Stack
  requireNativeModule (node_modules\expo-modules-core\src\requireNativeModule.ts)
  <global> (node_modules\expo-auth-session\node_modules\expo-crypto\build\aes\ExpoCryptoAES.js)
  loadModuleImplementation (node_modules\expo\node_modules\@expo\cli\build\metro-require\require.js)
  guardedLoadModule (node_modules\expo\node_modules\@expo\cli\build\metro-require\require.js)
  metroRequire (node_modules\expo\node_modules\@expo\cli\build\metro-require\require.js)
  <global> (node_modules\expo-auth-session\node_modules\expo-crypto\build\aes\index.js)
  loadModuleImplementation (node_modules\expo\node_modules\@expo\cli\build\metro-require\require.js)
  guardedLoadModule (node_modules\expo\node_modules\@expo\cli\build\metro-require\require.js)
  metroRequire (node_modules\expo\node_modules\@expo\cli\build\metro-require\require.js)
  <global> (node_modules\expo-auth-session\node_modules\expo-crypto\build\Crypto.js)
  loadModuleImplementation (node_modules\expo\node_modules\@expo\cli\build\metro-require\require.js)
  guardedLoadModule (node_modules\expo\node_modules\@expo\cli\build\metro-require\require.js)
  metroRequire (node_modules\expo\node_modules\@expo\cli\build\metro-require\require.js)
  <global> (node_modules\expo-auth-session\build\PKCE.js)
  loadModuleImplementation (node_modules\expo\node_modules\@expo\cli\build\metro-require\require.js)
  guardedLoadModule (node_modules\expo\node_modules\@expo\cli\build\metro-require\require.js)
  metroRequire (node_modules\expo\node_modules\@expo\cli\build\metro-require\require.js)
  <global> (node_modules\expo-auth-session\build\AuthRequest.js)
  loadModuleImplementation (node_modules\expo\node_modules\@expo\cli\build\metro-require\require.js)
  guardedLoadModule (node_modules\expo\node_modules\@expo\cli\build\metro-require\require.js)
  metroRequire (node_modules\expo\node_modules\@expo\cli\build\metro-require\require.js)
  <global> (node_modules\expo-auth-session\build\index.js)
  loadModuleImplementation (node_modules\expo\node_modules\@expo\cli\build\metro-require\require.js)
  guardedLoadModule (node_modules\expo\node_modules\@expo\cli\build\metro-require\require.js)
  metroRequire (node_modules\expo\node_modules\@expo\cli\build\metro-require\require.js)
  <global> (node_modules\@clerk\expo\dist\hooks\useSSO.js)
  loadModuleImplementation (node_modules\expo\node_modules\@expo\cli\build\metro-require\require.js)
  guardedLoadModule (node_modules\expo\node_modules\@expo\cli\build\metro-require\require.js)
  metroRequire (node_modules\expo\node_modules\@expo\cli\build\metro-require\require.js)
  <global> (node_modules\@clerk\expo\dist\hooks\index.js)
  loadModuleImplementation (node_modules\expo\node_modules\@expo\cli\build\metro-require\require.js)
  guardedLoadModule (node_modules\expo\node_modules\@expo\cli\build\metro-require\require.js)
  metroRequire (node_modules\expo\node_modules\@expo\cli\build\metro-require\require.js)
  <global> (node_modules\@clerk\expo\dist\index.js)
  loadModuleImplementation (node_modules\expo\node_modules\@expo\cli\build\metro-require\require.js)
  guardedLoadModule (node_modules\expo\node_modules\@expo\cli\build\metro-require\require.js)
  metroRequire (node_modules\expo\node_modules\@expo\cli\build\metro-require\require.js)
  <global> (app\(auth)\_layout.tsx)
  loadModuleImplementation (node_modules\expo\node_modules\@expo\cli\build\metro-require\require.js)
  guardedLoadModule (node_modules\expo\node_modules\@expo\cli\build\metro-require\require.js)
  metroRequire (node_modules\expo\node_modules\@expo\cli\build\metro-require\require.js)
  Object.defineProperties$argument_1.auth_layoutTsx.get (app)
  metroContext (app)
  node.loadRoute (node_modules\expo-router\build\getRoutesCore.js)
  getDirectoryTree (node_modules\expo-router\build\getRoutesCore.js)
  getDirectoryTree (node_modules\expo-router\build\getRoutesCore.js)
  getRoutes (node_modules\expo-router\build\getRoutesCore.js)
  getRoutes (node_modules\expo-router\build\getRoutes.js)
  useStore (node_modules\expo-router\build\global-state\router-store.js)
  ContextNavigator (node_modules\expo-router\build\ExpoRoot.js)
  callComponent.reactStackBottomFrame (node_modules\react-native\Libraries\Renderer\implementations\ReactFabric-dev.js)
  renderWithHooks (node_modules\react-native\Libraries\Renderer\implementations\ReactFabric-dev.js)
  updateFunctionComponent (node_modules\react-native\Libraries\Renderer\implementations\ReactFabric-dev.js)
  beginWork (node_modules\react-native\Libraries\Renderer\implementations\ReactFabric-dev.js)
  runWithFiberInDEV (node_modules\react-native\Libraries\Renderer\implementations\ReactFabric-dev.js)
  performUnitOfWork (node_modules\react-native\Libraries\Renderer\implementations\ReactFabric-dev.js)
  workLoopSync (node_modules\react-native\Libraries\Renderer\implementations\ReactFabric-dev.js)
  renderRootSync (node_modules\react-native\Libraries\Renderer\implementations\ReactFabric-dev.js)
  performWorkOnRoot (node_modules\react-native\Libraries\Renderer\implementations\ReactFabric-dev.js)
  performWorkOnRootViaSchedulerTask (node_modules\react-native\Libraries\Renderer\implementations\ReactFabric-dev.js) 

Call Stack
  ExpoRoot (node_modules\expo-router\build\ExpoRoot.js)
  App (node_modules\expo-router\build\qualified-entry.js)
  WithDevTools (node_modules\expo\src\launch\withDevTools.tsx)
 ERROR  [Error: Cannot find native module 'ExpoCryptoAES'] 

Call Stack
  requireNativeModule (node_modules\expo-modules-core\src\requireNativeModule.ts)
  <global> (node_modules\expo-auth-session\node_modules\expo-crypto\build\aes\ExpoCryptoAES.js)
  loadModuleImplementation (node_modules\expo\node_modules\@expo\cli\build\metro-require\require.js)
  guardedLoadModule (node_modules\expo\node_modules\@expo\cli\build\metro-require\require.js)
  metroRequire (node_modules\expo\node_modules\@expo\cli\build\metro-require\require.js)
  <global> (node_modules\expo-auth-session\node_modules\expo-crypto\build\aes\index.js)
  loadModuleImplementation (node_modules\expo\node_modules\@expo\cli\build\metro-require\require.js)
  guardedLoadModule (node_modules\expo\node_modules\@expo\cli\build\metro-require\require.js)
  metroRequire (node_modules\expo\node_modules\@expo\cli\build\metro-require\require.js)
  <global> (node_modules\expo-auth-session\node_modules\expo-crypto\build\Crypto.js)
  loadModuleImplementation (node_modules\expo\node_modules\@expo\cli\build\metro-require\require.js)
  guardedLoadModule (node_modules\expo\node_modules\@expo\cli\build\metro-require\require.js)
  metroRequire (node_modules\expo\node_modules\@expo\cli\build\metro-require\require.js)
  <global> (node_modules\expo-auth-session\build\PKCE.js)
  loadModuleImplementation (node_modules\expo\node_modules\@expo\cli\build\metro-require\require.js)
  guardedLoadModule (node_modules\expo\node_modules\@expo\cli\build\metro-require\require.js)
  metroRequire (node_modules\expo\node_modules\@expo\cli\build\metro-require\require.js)
  <global> (node_modules\expo-auth-session\build\AuthRequest.js)
  loadModuleImplementation (node_modules\expo\node_modules\@expo\cli\build\metro-require\require.js)
  guardedLoadModule (node_modules\expo\node_modules\@expo\cli\build\metro-require\require.js)
  metroRequire (node_modules\expo\node_modules\@expo\cli\build\metro-require\require.js)
  <global> (node_modules\expo-auth-session\build\index.js)
  loadModuleImplementation (node_modules\expo\node_modules\@expo\cli\build\metro-require\require.js)
  guardedLoadModule (node_modules\expo\node_modules\@expo\cli\build\metro-require\require.js)
  metroRequire (node_modules\expo\node_modules\@expo\cli\build\metro-require\require.js)
  <global> (node_modules\@clerk\expo\dist\hooks\useSSO.js)
  loadModuleImplementation (node_modules\expo\node_modules\@expo\cli\build\metro-require\require.js)
  guardedLoadModule (node_modules\expo\node_modules\@expo\cli\build\metro-require\require.js)
  metroRequire (node_modules\expo\node_modules\@expo\cli\build\metro-require\require.js)
  <global> (node_modules\@clerk\expo\dist\hooks\index.js)
  loadModuleImplementation (node_modules\expo\node_modules\@expo\cli\build\metro-require\require.js)
  guardedLoadModule (node_modules\expo\node_modules\@expo\cli\build\metro-require\require.js)
  metroRequire (node_modules\expo\node_modules\@expo\cli\build\metro-require\require.js)
  <global> (node_modules\@clerk\expo\dist\index.js)
  loadModuleImplementation (node_modules\expo\node_modules\@expo\cli\build\metro-require\require.js)
  guardedLoadModule (node_modules\expo\node_modules\@expo\cli\build\metro-require\require.js)
  metroRequire (node_modules\expo\node_modules\@expo\cli\build\metro-require\require.js)
  <global> (app\(auth)\_layout.tsx)
  loadModuleImplementation (node_modules\expo\node_modules\@expo\cli\build\metro-require\require.js)
  guardedLoadModule (node_modules\expo\node_modules\@expo\cli\build\metro-require\require.js)
  metroRequire (node_modules\expo\node_modules\@expo\cli\build\metro-require\require.js)
  Object.defineProperties$argument_1.auth_layoutTsx.get (app)
  metroContext (app)
  node.loadRoute (node_modules\expo-router\build\getRoutesCore.js)
  getDirectoryTree (node_modules\expo-router\build\getRoutesCore.js)
  getDirectoryTree (node_modules\expo-router\build\getRoutesCore.js)
  getRoutes (node_modules\expo-router\build\getRoutesCore.js)
  getRoutes (node_modules\expo-router\build\getRoutes.js)
  useStore (node_modules\expo-router\build\global-state\router-store.js)
  ContextNavigator (node_modules\expo-router\build\ExpoRoot.js)
  callComponent.reactStackBottomFrame (node_modules\react-native\Libraries\Renderer\implementations\ReactFabric-dev.js)
  renderWithHooks (node_modules\react-native\Libraries\Renderer\implementations\ReactFabric-dev.js)
  updateFunctionComponent (node_modules\react-native\Libraries\Renderer\implementations\ReactFabric-dev.js)
  beginWork (node_modules\react-native\Libraries\Renderer\implementations\ReactFabric-dev.js)
  runWithFiberInDEV (node_modules\react-native\Libraries\Renderer\implementations\ReactFabric-dev.js)
  performUnitOfWork (node_modules\react-native\Libraries\Renderer\implementations\ReactFabric-dev.js)
  workLoopSync (node_modules\react-native\Libraries\Renderer\implementations\ReactFabric-dev.js)
  renderRootSync (node_modules\react-native\Libraries\Renderer\implementations\ReactFabric-dev.js)
  performWorkOnRoot (node_modules\react-native\Libraries\Renderer\implementations\ReactFabric-dev.js)
  performWorkOnRootViaSchedulerTask (node_modules\react-native\Libraries\Renderer\implementations\ReactFabric-dev.js) 

Call Stack
  ExpoRoot (node_modules\expo-router\build\ExpoRoot.js)
  App (node_modules\expo-router\build\qualified-entry.js)
  WithDevTools (node_modules\expo\src\launch\withDevTools.tsx)
Android node_modules\expo-router\entry.js ░░░░░░░░░░░░░░░░  0.0% (0/1)
Android Bundled 50ms node_modules\expo-router\entry.js (1 module)
 WARN  Route "./(auth)/_layout.tsx" is missing the required default export. Ensure a React component is exported as default.
 WARN  Route "./(auth)/sign-in.tsx" is missing the required default export. Ensure a React component is exported as default.
 WARN  Route "./(auth)/sign-up.tsx" is missing the required default export. Ensure a React component is exported as default.
 WARN  Route "./(home)/_layout.tsx" is missing the required default export. Ensure a React component is exported as default.
 WARN  Route "./(home)/index.tsx" is missing the required default export. Ensure a React component is exported as default.
 WARN  Route "./(tabs)/_layout.tsx" is missing the required default export. Ensure a React component is exported as default.
 WARN  Route "./_layout.tsx" is missing the required default export. Ensure a React component is exported as default.
 ERROR  [Error: Cannot find native module 'ExpoCryptoAES'] 

Call Stack
  requireNativeModule (node_modules\expo-modules-core\src\requireNativeModule.ts)
  <global> (node_modules\expo-auth-session\node_modules\expo-crypto\build\aes\ExpoCryptoAES.js)
  loadModuleImplementation (node_modules\expo\node_modules\@expo\cli\build\metro-require\require.js)
  guardedLoadModule (node_modules\expo\node_modules\@expo\cli\build\metro-require\require.js)
  metroRequire (node_modules\expo\node_modules\@expo\cli\build\metro-require\require.js)
  <global> (node_modules\expo-auth-session\node_modules\expo-crypto\build\aes\index.js)
  loadModuleImplementation (node_modules\expo\node_modules\@expo\cli\build\metro-require\require.js)
  guardedLoadModule (node_modules\expo\node_modules\@expo\cli\build\metro-require\require.js)
  metroRequire (node_modules\expo\node_modules\@expo\cli\build\metro-require\require.js)
  <global> (node_modules\expo-auth-session\node_modules\expo-crypto\build\Crypto.js)
  loadModuleImplementation (node_modules\expo\node_modules\@expo\cli\build\metro-require\require.js)
  guardedLoadModule (node_modules\expo\node_modules\@expo\cli\build\metro-require\require.js)
  metroRequire (node_modules\expo\node_modules\@expo\cli\build\metro-require\require.js)
  <global> (node_modules\expo-auth-session\build\PKCE.js)
  loadModuleImplementation (node_modules\expo\node_modules\@expo\cli\build\metro-require\require.js)
  guardedLoadModule (node_modules\expo\node_modules\@expo\cli\build\metro-require\require.js)
  metroRequire (node_modules\expo\node_modules\@expo\cli\build\metro-require\require.js)
  <global> (node_modules\expo-auth-session\build\AuthRequest.js)
  loadModuleImplementation (node_modules\expo\node_modules\@expo\cli\build\metro-require\require.js)
  guardedLoadModule (node_modules\expo\node_modules\@expo\cli\build\metro-require\require.js)
  metroRequire (node_modules\expo\node_modules\@expo\cli\build\metro-require\require.js)
  <global> (node_modules\expo-auth-session\build\index.js)
  loadModuleImplementation (node_modules\expo\node_modules\@expo\cli\build\metro-require\require.js)
  guardedLoadModule (node_modules\expo\node_modules\@expo\cli\build\metro-require\require.js)
  metroRequire (node_modules\expo\node_modules\@expo\cli\build\metro-require\require.js)
  <global> (node_modules\@clerk\expo\dist\hooks\useSSO.js)
  loadModuleImplementation (node_modules\expo\node_modules\@expo\cli\build\metro-require\require.js)
  guardedLoadModule (node_modules\expo\node_modules\@expo\cli\build\metro-require\require.js)
  metroRequire (node_modules\expo\node_modules\@expo\cli\build\metro-require\require.js)
  <global> (node_modules\@clerk\expo\dist\hooks\index.js)
  loadModuleImplementation (node_modules\expo\node_modules\@expo\cli\build\metro-require\require.js)
  guardedLoadModule (node_modules\expo\node_modules\@expo\cli\build\metro-require\require.js)
  metroRequire (node_modules\expo\node_modules\@expo\cli\build\metro-require\require.js)
  <global> (node_modules\@clerk\expo\dist\index.js)
  loadModuleImplementation (node_modules\expo\node_modules\@expo\cli\build\metro-require\require.js)
  guardedLoadModule (node_modules\expo\node_modules\@expo\cli\build\metro-require\require.js)
  metroRequire (node_modules\expo\node_modules\@expo\cli\build\metro-require\require.js)
  <global> (app\(auth)\_layout.tsx)
  loadModuleImplementation (node_modules\expo\node_modules\@expo\cli\build\metro-require\require.js)
  guardedLoadModule (node_modules\expo\node_modules\@expo\cli\build\metro-require\require.js)
  metroRequire (node_modules\expo\node_modules\@expo\cli\build\metro-require\require.js)
  Object.defineProperties$argument_1.auth_layoutTsx.get (app)
  metroContext (app)
  node.loadRoute (node_modules\expo-router\build\getRoutesCore.js)
  getDirectoryTree (node_modules\expo-router\build\getRoutesCore.js)
  getDirectoryTree (node_modules\expo-router\build\getRoutesCore.js)
  getRoutes (node_modules\expo-router\build\getRoutesCore.js)
  getRoutes (node_modules\expo-router\build\getRoutes.js)
  useStore (node_modules\expo-router\build\global-state\router-store.js)
  ContextNavigator (node_modules\expo-router\build\ExpoRoot.js)
  callComponent.reactStackBottomFrame (node_modules\react-native\Libraries\Renderer\implementations\ReactFabric-dev.js)
  renderWithHooks (node_modules\react-native\Libraries\Renderer\implementations\ReactFabric-dev.js)
  updateFunctionComponent (node_modules\react-native\Libraries\Renderer\implementations\ReactFabric-dev.js)
  beginWork (node_modules\react-native\Libraries\Renderer\implementations\ReactFabric-dev.js)
  runWithFiberInDEV (node_modules\react-native\Libraries\Renderer\implementations\ReactFabric-dev.js)
  performUnitOfWork (node_modules\react-native\Libraries\Renderer\implementations\ReactFabric-dev.js)
  workLoopSync (node_modules\react-native\Libraries\Renderer\implementations\ReactFabric-dev.js)
  renderRootSync (node_modules\react-native\Libraries\Renderer\implementations\ReactFabric-dev.js)
  performWorkOnRoot (node_modules\react-native\Libraries\Renderer\implementations\ReactFabric-dev.js)
  performWorkOnRootViaSchedulerTask (node_modules\react-native\Libraries\Renderer\implementations\ReactFabric-dev.js) 

Call Stack
  ExpoRoot (node_modules\expo-router\build\ExpoRoot.js)
  App (node_modules\expo-router\build\qualified-entry.js)
  WithDevTools (node_modules\expo\src\launch\withDevTools.tsx)
 ERROR  [Error: Cannot find native module 'ExpoCryptoAES'] 

Call Stack
  requireNativeModule (node_modules\expo-modules-core\src\requireNativeModule.ts)
  <global> (node_modules\expo-auth-session\node_modules\expo-crypto\build\aes\ExpoCryptoAES.js)
  loadModuleImplementation (node_modules\expo\node_modules\@expo\cli\build\metro-require\require.js)
  guardedLoadModule (node_modules\expo\node_modules\@expo\cli\build\metro-require\require.js)
  metroRequire (node_modules\expo\node_modules\@expo\cli\build\metro-require\require.js)
  <global> (node_modules\expo-auth-session\node_modules\expo-crypto\build\aes\index.js)
  loadModuleImplementation (node_modules\expo\node_modules\@expo\cli\build\metro-require\require.js)
  guardedLoadModule (node_modules\expo\node_modules\@expo\cli\build\metro-require\require.js)
  metroRequire (node_modules\expo\node_modules\@expo\cli\build\metro-require\require.js)
  <global> (node_modules\expo-auth-session\node_modules\expo-crypto\build\Crypto.js)
  loadModuleImplementation (node_modules\expo\node_modules\@expo\cli\build\metro-require\require.js)
  guardedLoadModule (node_modules\expo\node_modules\@expo\cli\build\metro-require\require.js)
  metroRequire (node_modules\expo\node_modules\@expo\cli\build\metro-require\require.js)
  <global> (node_modules\expo-auth-session\build\PKCE.js)
  loadModuleImplementation (node_modules\expo\node_modules\@expo\cli\build\metro-require\require.js)
  guardedLoadModule (node_modules\expo\node_modules\@expo\cli\build\metro-require\require.js)
  metroRequire (node_modules\expo\node_modules\@expo\cli\build\metro-require\require.js)
  <global> (node_modules\expo-auth-session\build\AuthRequest.js)
  loadModuleImplementation (node_modules\expo\node_modules\@expo\cli\build\metro-require\require.js)
  guardedLoadModule (node_modules\expo\node_modules\@expo\cli\build\metro-require\require.js)
  metroRequire (node_modules\expo\node_modules\@expo\cli\build\metro-require\require.js)
  <global> (node_modules\expo-auth-session\build\index.js)
  loadModuleImplementation (node_modules\expo\node_modules\@expo\cli\build\metro-require\require.js)
  guardedLoadModule (node_modules\expo\node_modules\@expo\cli\build\metro-require\require.js)
  metroRequire (node_modules\expo\node_modules\@expo\cli\build\metro-require\require.js)
  <global> (node_modules\@clerk\expo\dist\hooks\useSSO.js)
  loadModuleImplementation (node_modules\expo\node_modules\@expo\cli\build\metro-require\require.js)
  guardedLoadModule (node_modules\expo\node_modules\@expo\cli\build\metro-require\require.js)
  metroRequire (node_modules\expo\node_modules\@expo\cli\build\metro-require\require.js)
  <global> (node_modules\@clerk\expo\dist\hooks\index.js)
  loadModuleImplementation (node_modules\expo\node_modules\@expo\cli\build\metro-require\require.js)
  guardedLoadModule (node_modules\expo\node_modules\@expo\cli\build\metro-require\require.js)
  metroRequire (node_modules\expo\node_modules\@expo\cli\build\metro-require\require.js)
  <global> (node_modules\@clerk\expo\dist\index.js)
  loadModuleImplementation (node_modules\expo\node_modules\@expo\cli\build\metro-require\require.js)
  guardedLoadModule (node_modules\expo\node_modules\@expo\cli\build\metro-require\require.js)
  metroRequire (node_modules\expo\node_modules\@expo\cli\build\metro-require\require.js)
  <global> (app\(auth)\_layout.tsx)
  loadModuleImplementation (node_modules\expo\node_modules\@expo\cli\build\metro-require\require.js)
  guardedLoadModule (node_modules\expo\node_modules\@expo\cli\build\metro-require\require.js)
  metroRequire (node_modules\expo\node_modules\@expo\cli\build\metro-require\require.js)
  Object.defineProperties$argument_1.auth_layoutTsx.get (app)
  metroContext (app)
  node.loadRoute (node_modules\expo-router\build\getRoutesCore.js)
  getDirectoryTree (node_modules\expo-router\build\getRoutesCore.js)
  getDirectoryTree (node_modules\expo-router\build\getRoutesCore.js)
  getRoutes (node_modules\expo-router\build\getRoutesCore.js)
  getRoutes (node_modules\expo-router\build\getRoutes.js)
  useStore (node_modules\expo-router\build\global-state\router-store.js)
  ContextNavigator (node_modules\expo-router\build\ExpoRoot.js)
  callComponent.reactStackBottomFrame (node_modules\react-native\Libraries\Renderer\implementations\ReactFabric-dev.js)
  renderWithHooks (node_modules\react-native\Libraries\Renderer\implementations\ReactFabric-dev.js)
  updateFunctionComponent (node_modules\react-native\Libraries\Renderer\implementations\ReactFabric-dev.js)
  beginWork (node_modules\react-native\Libraries\Renderer\implementations\ReactFabric-dev.js)
  runWithFiberInDEV (node_modules\react-native\Libraries\Renderer\implementations\ReactFabric-dev.js)
  performUnitOfWork (node_modules\react-native\Libraries\Renderer\implementations\ReactFabric-dev.js)
  workLoopSync (node_modules\react-native\Libraries\Renderer\implementations\ReactFabric-dev.js)
  renderRootSync (node_modules\react-native\Libraries\Renderer\implementations\ReactFabric-dev.js)
  performWorkOnRoot (node_modules\react-native\Libraries\Renderer\implementations\ReactFabric-dev.js)
  performWorkOnRootViaSchedulerTask (node_modules\react-native\Libraries\Renderer\implementations\ReactFabric-dev.js) 

Call Stack
  ExpoRoot (node_modules\expo-router\build\ExpoRoot.js)
  App (node_modules\expo-router\build\qualified-entry.js)
  WithDevTools (node_modules\expo\src\launch\withDevTools.tsx)
 ERROR  [Error: Cannot find native module 'ExpoCryptoAES'] 

Call Stack
  requireNativeModule (node_modules\expo-modules-core\src\requireNativeModule.ts)
  <global> (node_modules\expo-auth-session\node_modules\expo-crypto\build\aes\ExpoCryptoAES.js)
  loadModuleImplementation (node_modules\expo\node_modules\@expo\cli\build\metro-require\require.js)
  guardedLoadModule (node_modules\expo\node_modules\@expo\cli\build\metro-require\require.js)
  metroRequire (node_modules\expo\node_modules\@expo\cli\build\metro-require\require.js)
  <global> (node_modules\expo-auth-session\node_modules\expo-crypto\build\aes\index.js)
  loadModuleImplementation (node_modules\expo\node_modules\@expo\cli\build\metro-require\require.js)
  guardedLoadModule (node_modules\expo\node_modules\@expo\cli\build\metro-require\require.js)
  metroRequire (node_modules\expo\node_modules\@expo\cli\build\metro-require\require.js)
  <global> (node_modules\expo-auth-session\node_modules\expo-crypto\build\Crypto.js)
  loadModuleImplementation (node_modules\expo\node_modules\@expo\cli\build\metro-require\require.js)
  guardedLoadModule (node_modules\expo\node_modules\@expo\cli\build\metro-require\require.js)
  metroRequire (node_modules\expo\node_modules\@expo\cli\build\metro-require\require.js)
  <global> (node_modules\expo-auth-session\build\PKCE.js)
  loadModuleImplementation (node_modules\expo\node_modules\@expo\cli\build\metro-require\require.js)
  guardedLoadModule (node_modules\expo\node_modules\@expo\cli\build\metro-require\require.js)
  metroRequire (node_modules\expo\node_modules\@expo\cli\build\metro-require\require.js)
  <global> (node_modules\expo-auth-session\build\AuthRequest.js)
  loadModuleImplementation (node_modules\expo\node_modules\@expo\cli\build\metro-require\require.js)
  guardedLoadModule (node_modules\expo\node_modules\@expo\cli\build\metro-require\require.js)
  metroRequire (node_modules\expo\node_modules\@expo\cli\build\metro-require\require.js)
  <global> (node_modules\expo-auth-session\build\index.js)
  loadModuleImplementation (node_modules\expo\node_modules\@expo\cli\build\metro-require\require.js)
  guardedLoadModule (node_modules\expo\node_modules\@expo\cli\build\metro-require\require.js)
  metroRequire (node_modules\expo\node_modules\@expo\cli\build\metro-require\require.js)
  <global> (node_modules\@clerk\expo\dist\hooks\useSSO.js)
  loadModuleImplementation (node_modules\expo\node_modules\@expo\cli\build\metro-require\require.js)
  guardedLoadModule (node_modules\expo\node_modules\@expo\cli\build\metro-require\require.js)
  metroRequire (node_modules\expo\node_modules\@expo\cli\build\metro-require\require.js)
  <global> (node_modules\@clerk\expo\dist\hooks\index.js)
  loadModuleImplementation (node_modules\expo\node_modules\@expo\cli\build\metro-require\require.js)
  guardedLoadModule (node_modules\expo\node_modules\@expo\cli\build\metro-require\require.js)
  metroRequire (node_modules\expo\node_modules\@expo\cli\build\metro-require\require.js)
  <global> (node_modules\@clerk\expo\dist\index.js)
  loadModuleImplementation (node_modules\expo\node_modules\@expo\cli\build\metro-require\require.js)
  guardedLoadModule (node_modules\expo\node_modules\@expo\cli\build\metro-require\require.js)
  metroRequire (node_modules\expo\node_modules\@expo\cli\build\metro-require\require.js)
  <global> (app\(auth)\_layout.tsx)
  loadModuleImplementation (node_modules\expo\node_modules\@expo\cli\build\metro-require\require.js)
  guardedLoadModule (node_modules\expo\node_modules\@expo\cli\build\metro-require\require.js)
  metroRequire (node_modules\expo\node_modules\@expo\cli\build\metro-require\require.js)
  Object.defineProperties$argument_1.auth_layoutTsx.get (app)
  metroContext (app)
  node.loadRoute (node_modules\expo-router\build\getRoutesCore.js)
  getDirectoryTree (node_modules\expo-router\build\getRoutesCore.js)
  getDirectoryTree (node_modules\expo-router\build\getRoutesCore.js)
  getRoutes (node_modules\expo-router\build\getRoutesCore.js)
  getRoutes (node_modules\expo-router\build\getRoutes.js)
  useStore (node_modules\expo-router\build\global-state\router-store.js)
  ContextNavigator (node_modules\expo-router\build\ExpoRoot.js)
  callComponent.reactStackBottomFrame (node_modules\react-native\Libraries\Renderer\implementations\ReactFabric-dev.js)
  renderWithHooks (node_modules\react-native\Libraries\Renderer\implementations\ReactFabric-dev.js)
  updateFunctionComponent (node_modules\react-native\Libraries\Renderer\implementations\ReactFabric-dev.js)
  beginWork (node_modules\react-native\Libraries\Renderer\implementations\ReactFabric-dev.js)
  runWithFiberInDEV (node_modules\react-native\Libraries\Renderer\implementations\ReactFabric-dev.js)
  performUnitOfWork (node_modules\react-native\Libraries\Renderer\implementations\ReactFabric-dev.js)
  workLoopSync (node_modules\react-native\Libraries\Renderer\implementations\ReactFabric-dev.js)
  renderRootSync (node_modules\react-native\Libraries\Renderer\implementations\ReactFabric-dev.js)
  performWorkOnRoot (node_modules\react-native\Libraries\Renderer\implementations\ReactFabric-dev.js)
  performWorkOnRootViaSchedulerTask (node_modules\react-native\Libraries\Renderer\implementations\ReactFabric-dev.js) 

Call Stack
  ExpoRoot (node_modules\expo-router\build\ExpoRoot.js)
  App (node_modules\expo-router\build\qualified-entry.js)
  WithDevTools (node_modules\expo\src\launch\withDevTools.tsx)
 ERROR  [Error: Cannot find native module 'ExpoCryptoAES'] 

Call Stack
  requireNativeModule (node_modules\expo-modules-core\src\requireNativeModule.ts)
  <global> (node_modules\expo-auth-session\node_modules\expo-crypto\build\aes\ExpoCryptoAES.js)
  loadModuleImplementation (node_modules\expo\node_modules\@expo\cli\build\metro-require\require.js)
  guardedLoadModule (node_modules\expo\node_modules\@expo\cli\build\metro-require\require.js)
  metroRequire (node_modules\expo\node_modules\@expo\cli\build\metro-require\require.js)
  <global> (node_modules\expo-auth-session\node_modules\expo-crypto\build\aes\index.js)
  loadModuleImplementation (node_modules\expo\node_modules\@expo\cli\build\metro-require\require.js)
  guardedLoadModule (node_modules\expo\node_modules\@expo\cli\build\metro-require\require.js)
  metroRequire (node_modules\expo\node_modules\@expo\cli\build\metro-require\require.js)
  <global> (node_modules\expo-auth-session\node_modules\expo-crypto\build\Crypto.js)
  loadModuleImplementation (node_modules\expo\node_modules\@expo\cli\build\metro-require\require.js)
  guardedLoadModule (node_modules\expo\node_modules\@expo\cli\build\metro-require\require.js)
  metroRequire (node_modules\expo\node_modules\@expo\cli\build\metro-require\require.js)
  <global> (node_modules\expo-auth-session\build\PKCE.js)
  loadModuleImplementation (node_modules\expo\node_modules\@expo\cli\build\metro-require\require.js)
  guardedLoadModule (node_modules\expo\node_modules\@expo\cli\build\metro-require\require.js)
  metroRequire (node_modules\expo\node_modules\@expo\cli\build\metro-require\require.js)
  <global> (node_modules\expo-auth-session\build\AuthRequest.js)
  loadModuleImplementation (node_modules\expo\node_modules\@expo\cli\build\metro-require\require.js)
  guardedLoadModule (node_modules\expo\node_modules\@expo\cli\build\metro-require\require.js)
  metroRequire (node_modules\expo\node_modules\@expo\cli\build\metro-require\require.js)
  <global> (node_modules\expo-auth-session\build\index.js)
  loadModuleImplementation (node_modules\expo\node_modules\@expo\cli\build\metro-require\require.js)
  guardedLoadModule (node_modules\expo\node_modules\@expo\cli\build\metro-require\require.js)
  metroRequire (node_modules\expo\node_modules\@expo\cli\build\metro-require\require.js)
  <global> (node_modules\@clerk\expo\dist\hooks\useSSO.js)
  loadModuleImplementation (node_modules\expo\node_modules\@expo\cli\build\metro-require\require.js)
  guardedLoadModule (node_modules\expo\node_modules\@expo\cli\build\metro-require\require.js)
  metroRequire (node_modules\expo\node_modules\@expo\cli\build\metro-require\require.js)
  <global> (node_modules\@clerk\expo\dist\hooks\index.js)
  loadModuleImplementation (node_modules\expo\node_modules\@expo\cli\build\metro-require\require.js)
  guardedLoadModule (node_modules\expo\node_modules\@expo\cli\build\metro-require\require.js)
  metroRequire (node_modules\expo\node_modules\@expo\cli\build\metro-require\require.js)
  <global> (node_modules\@clerk\expo\dist\index.js)
  loadModuleImplementation (node_modules\expo\node_modules\@expo\cli\build\metro-require\require.js)
  guardedLoadModule (node_modules\expo\node_modules\@expo\cli\build\metro-require\require.js)
  metroRequire (node_modules\expo\node_modules\@expo\cli\build\metro-require\require.js)
  <global> (app\(auth)\_layout.tsx)
  loadModuleImplementation (node_modules\expo\node_modules\@expo\cli\build\metro-require\require.js)
  guardedLoadModule (node_modules\expo\node_modules\@expo\cli\build\metro-require\require.js)
  metroRequire (node_modules\expo\node_modules\@expo\cli\build\metro-require\require.js)
  Object.defineProperties$argument_1.auth_layoutTsx.get (app)
  metroContext (app)
  node.loadRoute (node_modules\expo-router\build\getRoutesCore.js)
  getDirectoryTree (node_modules\expo-router\build\getRoutesCore.js)
  getDirectoryTree (node_modules\expo-router\build\getRoutesCore.js)
  getRoutes (node_modules\expo-router\build\getRoutesCore.js)
  getRoutes (node_modules\expo-router\build\getRoutes.js)
  useStore (node_modules\expo-router\build\global-state\router-store.js)
  ContextNavigator (node_modules\expo-router\build\ExpoRoot.js)
  callComponent.reactStackBottomFrame (node_modules\react-native\Libraries\Renderer\implementations\ReactFabric-dev.js)
  renderWithHooks (node_modules\react-native\Libraries\Renderer\implementations\ReactFabric-dev.js)
  updateFunctionComponent (node_modules\react-native\Libraries\Renderer\implementations\ReactFabric-dev.js)
  beginWork (node_modules\react-native\Libraries\Renderer\implementations\ReactFabric-dev.js)
  runWithFiberInDEV (node_modules\react-native\Libraries\Renderer\implementations\ReactFabric-dev.js)
  performUnitOfWork (node_modules\react-native\Libraries\Renderer\implementations\ReactFabric-dev.js)
  workLoopSync (node_modules\react-native\Libraries\Renderer\implementations\ReactFabric-dev.js)
  renderRootSync (node_modules\react-native\Libraries\Renderer\implementations\ReactFabric-dev.js)
  performWorkOnRoot (node_modules\react-native\Libraries\Renderer\implementations\ReactFabric-dev.js)
  performWorkOnRootViaSchedulerTask (node_modules\react-native\Libraries\Renderer\implementations\ReactFabric-dev.js) 

Call Stack
  ExpoRoot (node_modules\expo-router\build\ExpoRoot.js)
  App (node_modules\expo-router\build\qualified-entry.js)
  WithDevTools (node_modules\expo\src\launch\withDevTools.tsx)
 ERROR  [Error: Cannot find native module 'ExpoCryptoAES'] 

Call Stack
  requireNativeModule (node_modules\expo-modules-core\src\requireNativeModule.ts)
  <global> (node_modules\expo-auth-session\node_modules\expo-crypto\build\aes\ExpoCryptoAES.js)
  loadModuleImplementation (node_modules\expo\node_modules\@expo\cli\build\metro-require\require.js)
  guardedLoadModule (node_modules\expo\node_modules\@expo\cli\build\metro-require\require.js)
  metroRequire (node_modules\expo\node_modules\@expo\cli\build\metro-require\require.js)
  <global> (node_modules\expo-auth-session\node_modules\expo-crypto\build\aes\index.js)
  loadModuleImplementation (node_modules\expo\node_modules\@expo\cli\build\metro-require\require.js)
  guardedLoadModule (node_modules\expo\node_modules\@expo\cli\build\metro-require\require.js)
  metroRequire (node_modules\expo\node_modules\@expo\cli\build\metro-require\require.js)
  <global> (node_modules\expo-auth-session\node_modules\expo-crypto\build\Crypto.js)
  loadModuleImplementation (node_modules\expo\node_modules\@expo\cli\build\metro-require\require.js)
  guardedLoadModule (node_modules\expo\node_modules\@expo\cli\build\metro-require\require.js)
  metroRequire (node_modules\expo\node_modules\@expo\cli\build\metro-require\require.js)
  <global> (node_modules\expo-auth-session\build\PKCE.js)
  loadModuleImplementation (node_modules\expo\node_modules\@expo\cli\build\metro-require\require.js)
  guardedLoadModule (node_modules\expo\node_modules\@expo\cli\build\metro-require\require.js)
  metroRequire (node_modules\expo\node_modules\@expo\cli\build\metro-require\require.js)
  <global> (node_modules\expo-auth-session\build\AuthRequest.js)
  loadModuleImplementation (node_modules\expo\node_modules\@expo\cli\build\metro-require\require.js)
  guardedLoadModule (node_modules\expo\node_modules\@expo\cli\build\metro-require\require.js)
  metroRequire (node_modules\expo\node_modules\@expo\cli\build\metro-require\require.js)
  <global> (node_modules\expo-auth-session\build\index.js)
  loadModuleImplementation (node_modules\expo\node_modules\@expo\cli\build\metro-require\require.js)
  guardedLoadModule (node_modules\expo\node_modules\@expo\cli\build\metro-require\require.js)
  metroRequire (node_modules\expo\node_modules\@expo\cli\build\metro-require\require.js)
  <global> (node_modules\@clerk\expo\dist\hooks\useSSO.js)
  loadModuleImplementation (node_modules\expo\node_modules\@expo\cli\build\metro-require\require.js)
  guardedLoadModule (node_modules\expo\node_modules\@expo\cli\build\metro-require\require.js)
  metroRequire (node_modules\expo\node_modules\@expo\cli\build\metro-require\require.js)
  <global> (node_modules\@clerk\expo\dist\hooks\index.js)
  loadModuleImplementation (node_modules\expo\node_modules\@expo\cli\build\metro-require\require.js)
  guardedLoadModule (node_modules\expo\node_modules\@expo\cli\build\metro-require\require.js)
  metroRequire (node_modules\expo\node_modules\@expo\cli\build\metro-require\require.js)
  <global> (node_modules\@clerk\expo\dist\index.js)
  loadModuleImplementation (node_modules\expo\node_modules\@expo\cli\build\metro-require\require.js)
  guardedLoadModule (node_modules\expo\node_modules\@expo\cli\build\metro-require\require.js)
  metroRequire (node_modules\expo\node_modules\@expo\cli\build\metro-require\require.js)
  <global> (app\(auth)\_layout.tsx)
  loadModuleImplementation (node_modules\expo\node_modules\@expo\cli\build\metro-require\require.js)
  guardedLoadModule (node_modules\expo\node_modules\@expo\cli\build\metro-require\require.js)
  metroRequire (node_modules\expo\node_modules\@expo\cli\build\metro-require\require.js)
  Object.defineProperties$argument_1.auth_layoutTsx.get (app)
  metroContext (app)
  node.loadRoute (node_modules\expo-router\build\getRoutesCore.js)
  getDirectoryTree (node_modules\expo-router\build\getRoutesCore.js)
  getDirectoryTree (node_modules\expo-router\build\getRoutesCore.js)
  getRoutes (node_modules\expo-router\build\getRoutesCore.js)
  getRoutes (node_modules\expo-router\build\getRoutes.js)
  useStore (node_modules\expo-router\build\global-state\router-store.js)
  ContextNavigator (node_modules\expo-router\build\ExpoRoot.js)
  callComponent.reactStackBottomFrame (node_modules\react-native\Libraries\Renderer\implementations\ReactFabric-dev.js)
  renderWithHooks (node_modules\react-native\Libraries\Renderer\implementations\ReactFabric-dev.js)
  updateFunctionComponent (node_modules\react-native\Libraries\Renderer\implementations\ReactFabric-dev.js)
  beginWork (node_modules\react-native\Libraries\Renderer\implementations\ReactFabric-dev.js)
  runWithFiberInDEV (node_modules\react-native\Libraries\Renderer\implementations\ReactFabric-dev.js)
  performUnitOfWork (node_modules\react-native\Libraries\Renderer\implementations\ReactFabric-dev.js)
  workLoopSync (node_modules\react-native\Libraries\Renderer\implementations\ReactFabric-dev.js)
  renderRootSync (node_modules\react-native\Libraries\Renderer\implementations\ReactFabric-dev.js)
  performWorkOnRoot (node_modules\react-native\Libraries\Renderer\implementations\ReactFabric-dev.js)
  performWorkOnRootViaSchedulerTask (node_modules\react-native\Libraries\Renderer\implementations\ReactFabric-dev.js) 

Call Stack
  ExpoRoot (node_modules\expo-router\build\ExpoRoot.js)
  App (node_modules\expo-router\build\qualified-entry.js)
  WithDevTools (node_modules\expo\src\launch\withDevTools.tsx)
 ERROR  [Error: Cannot find native module 'ExpoCryptoAES'] 

Call Stack
  requireNativeModule (node_modules\expo-modules-core\src\requireNativeModule.ts)
  <global> (node_modules\expo-auth-session\node_modules\expo-crypto\build\aes\ExpoCryptoAES.js)
  loadModuleImplementation (node_modules\expo\node_modules\@expo\cli\build\metro-require\require.js)
  guardedLoadModule (node_modules\expo\node_modules\@expo\cli\build\metro-require\require.js)
  metroRequire (node_modules\expo\node_modules\@expo\cli\build\metro-require\require.js)
  <global> (node_modules\expo-auth-session\node_modules\expo-crypto\build\aes\index.js)
  loadModuleImplementation (node_modules\expo\node_modules\@expo\cli\build\metro-require\require.js)
  guardedLoadModule (node_modules\expo\node_modules\@expo\cli\build\metro-require\require.js)
  metroRequire (node_modules\expo\node_modules\@expo\cli\build\metro-require\require.js)
  <global> (node_modules\expo-auth-session\node_modules\expo-crypto\build\Crypto.js)
  loadModuleImplementation (node_modules\expo\node_modules\@expo\cli\build\metro-require\require.js)
  guardedLoadModule (node_modules\expo\node_modules\@expo\cli\build\metro-require\require.js)
  metroRequire (node_modules\expo\node_modules\@expo\cli\build\metro-require\require.js)
  <global> (node_modules\expo-auth-session\build\PKCE.js)
  loadModuleImplementation (node_modules\expo\node_modules\@expo\cli\build\metro-require\require.js)
  guardedLoadModule (node_modules\expo\node_modules\@expo\cli\build\metro-require\require.js)
  metroRequire (node_modules\expo\node_modules\@expo\cli\build\metro-require\require.js)
  <global> (node_modules\expo-auth-session\build\AuthRequest.js)
  loadModuleImplementation (node_modules\expo\node_modules\@expo\cli\build\metro-require\require.js)
  guardedLoadModule (node_modules\expo\node_modules\@expo\cli\build\metro-require\require.js)
  metroRequire (node_modules\expo\node_modules\@expo\cli\build\metro-require\require.js)
  <global> (node_modules\expo-auth-session\build\index.js)
  loadModuleImplementation (node_modules\expo\node_modules\@expo\cli\build\metro-require\require.js)
  guardedLoadModule (node_modules\expo\node_modules\@expo\cli\build\metro-require\require.js)
  metroRequire (node_modules\expo\node_modules\@expo\cli\build\metro-require\require.js)
  <global> (node_modules\@clerk\expo\dist\hooks\useSSO.js)
  loadModuleImplementation (node_modules\expo\node_modules\@expo\cli\build\metro-require\require.js)
  guardedLoadModule (node_modules\expo\node_modules\@expo\cli\build\metro-require\require.js)
  metroRequire (node_modules\expo\node_modules\@expo\cli\build\metro-require\require.js)
  <global> (node_modules\@clerk\expo\dist\hooks\index.js)
  loadModuleImplementation (node_modules\expo\node_modules\@expo\cli\build\metro-require\require.js)
  guardedLoadModule (node_modules\expo\node_modules\@expo\cli\build\metro-require\require.js)
  metroRequire (node_modules\expo\node_modules\@expo\cli\build\metro-require\require.js)
  <global> (node_modules\@clerk\expo\dist\index.js)
  loadModuleImplementation (node_modules\expo\node_modules\@expo\cli\build\metro-require\require.js)
  guardedLoadModule (node_modules\expo\node_modules\@expo\cli\build\metro-require\require.js)
  metroRequire (node_modules\expo\node_modules\@expo\cli\build\metro-require\require.js)
  <global> (app\(auth)\_layout.tsx)
  loadModuleImplementation (node_modules\expo\node_modules\@expo\cli\build\metro-require\require.js)
  guardedLoadModule (node_modules\expo\node_modules\@expo\cli\build\metro-require\require.js)
  metroRequire (node_modules\expo\node_modules\@expo\cli\build\metro-require\require.js)
  Object.defineProperties$argument_1.auth_layoutTsx.get (app)
  metroContext (app)
  node.loadRoute (node_modules\expo-router\build\getRoutesCore.js)
  getDirectoryTree (node_modules\expo-router\build\getRoutesCore.js)
  getDirectoryTree (node_modules\expo-router\build\getRoutesCore.js)
  getRoutes (node_modules\expo-router\build\getRoutesCore.js)
  getRoutes (node_modules\expo-router\build\getRoutes.js)
  useStore (node_modules\expo-router\build\global-state\router-store.js)
  ContextNavigator (node_modules\expo-router\build\ExpoRoot.js)
  callComponent.reactStackBottomFrame (node_modules\react-native\Libraries\Renderer\implementations\ReactFabric-dev.js)
  renderWithHooks (node_modules\react-native\Libraries\Renderer\implementations\ReactFabric-dev.js)
  updateFunctionComponent (node_modules\react-native\Libraries\Renderer\implementations\ReactFabric-dev.js)
  beginWork (node_modules\react-native\Libraries\Renderer\implementations\ReactFabric-dev.js)
  runWithFiberInDEV (node_modules\react-native\Libraries\Renderer\implementations\ReactFabric-dev.js)
  performUnitOfWork (node_modules\react-native\Libraries\Renderer\implementations\ReactFabric-dev.js)
  workLoopSync (node_modules\react-native\Libraries\Renderer\implementations\ReactFabric-dev.js)
  renderRootSync (node_modules\react-native\Libraries\Renderer\implementations\ReactFabric-dev.js)
  performWorkOnRoot (node_modules\react-native\Libraries\Renderer\implementations\ReactFabric-dev.js)
  performWorkOnRootViaSchedulerTask (node_modules\react-native\Libraries\Renderer\implementations\ReactFabric-dev.js) 

Call Stack
  ExpoRoot (node_modules\expo-router\build\ExpoRoot.js)
  App (node_modules\expo-router\build\qualified-entry.js)
  WithDevTools (node_modules\expo\src\launch\withDevTools.tsx)
 ERROR  [Error: Cannot find native module 'ExpoCryptoAES'] 

Call Stack
  requireNativeModule (node_modules\expo-modules-core\src\requireNativeModule.ts)
  <global> (node_modules\expo-auth-session\node_modules\expo-crypto\build\aes\ExpoCryptoAES.js)
  loadModuleImplementation (node_modules\expo\node_modules\@expo\cli\build\metro-require\require.js)
  guardedLoadModule (node_modules\expo\node_modules\@expo\cli\build\metro-require\require.js)
  metroRequire (node_modules\expo\node_modules\@expo\cli\build\metro-require\require.js)
  <global> (node_modules\expo-auth-session\node_modules\expo-crypto\build\aes\index.js)
  loadModuleImplementation (node_modules\expo\node_modules\@expo\cli\build\metro-require\require.js)
  guardedLoadModule (node_modules\expo\node_modules\@expo\cli\build\metro-require\require.js)
  metroRequire (node_modules\expo\node_modules\@expo\cli\build\metro-require\require.js)
  <global> (node_modules\expo-auth-session\node_modules\expo-crypto\build\Crypto.js)
  loadModuleImplementation (node_modules\expo\node_modules\@expo\cli\build\metro-require\require.js)
  guardedLoadModule (node_modules\expo\node_modules\@expo\cli\build\metro-require\require.js)
  metroRequire (node_modules\expo\node_modules\@expo\cli\build\metro-require\require.js)
  <global> (node_modules\expo-auth-session\build\PKCE.js)
  loadModuleImplementation (node_modules\expo\node_modules\@expo\cli\build\metro-require\require.js)
  guardedLoadModule (node_modules\expo\node_modules\@expo\cli\build\metro-require\require.js)
  metroRequire (node_modules\expo\node_modules\@expo\cli\build\metro-require\require.js)
  <global> (node_modules\expo-auth-session\build\AuthRequest.js)
  loadModuleImplementation (node_modules\expo\node_modules\@expo\cli\build\metro-require\require.js)
  guardedLoadModule (node_modules\expo\node_modules\@expo\cli\build\metro-require\require.js)
  metroRequire (node_modules\expo\node_modules\@expo\cli\build\metro-require\require.js)
  <global> (node_modules\expo-auth-session\build\index.js)
  loadModuleImplementation (node_modules\expo\node_modules\@expo\cli\build\metro-require\require.js)
  guardedLoadModule (node_modules\expo\node_modules\@expo\cli\build\metro-require\require.js)
  metroRequire (node_modules\expo\node_modules\@expo\cli\build\metro-require\require.js)
  <global> (node_modules\@clerk\expo\dist\hooks\useSSO.js)
  loadModuleImplementation (node_modules\expo\node_modules\@expo\cli\build\metro-require\require.js)
  guardedLoadModule (node_modules\expo\node_modules\@expo\cli\build\metro-require\require.js)
  metroRequire (node_modules\expo\node_modules\@expo\cli\build\metro-require\require.js)
  <global> (node_modules\@clerk\expo\dist\hooks\index.js)
  loadModuleImplementation (node_modules\expo\node_modules\@expo\cli\build\metro-require\require.js)
  guardedLoadModule (node_modules\expo\node_modules\@expo\cli\build\metro-require\require.js)
  metroRequire (node_modules\expo\node_modules\@expo\cli\build\metro-require\require.js)
  <global> (node_modules\@clerk\expo\dist\index.js)
  loadModuleImplementation (node_modules\expo\node_modules\@expo\cli\build\metro-require\require.js)
  guardedLoadModule (node_modules\expo\node_modules\@expo\cli\build\metro-require\require.js)
  metroRequire (node_modules\expo\node_modules\@expo\cli\build\metro-require\require.js)
  <global> (app\(auth)\_layout.tsx)
  loadModuleImplementation (node_modules\expo\node_modules\@expo\cli\build\metro-require\require.js)
  guardedLoadModule (node_modules\expo\node_modules\@expo\cli\build\metro-require\require.js)
  metroRequire (node_modules\expo\node_modules\@expo\cli\build\metro-require\require.js)
  Object.defineProperties$argument_1.auth_layoutTsx.get (app)
  metroContext (app)
  node.loadRoute (node_modules\expo-router\build\getRoutesCore.js)
  getDirectoryTree (node_modules\expo-router\build\getRoutesCore.js)
  getDirectoryTree (node_modules\expo-router\build\getRoutesCore.js)
  getRoutes (node_modules\expo-router\build\getRoutesCore.js)
  getRoutes (node_modules\expo-router\build\getRoutes.js)
  useStore (node_modules\expo-router\build\global-state\router-store.js)
  ContextNavigator (node_modules\expo-router\build\ExpoRoot.js)
  callComponent.reactStackBottomFrame (node_modules\react-native\Libraries\Renderer\implementations\ReactFabric-dev.js)
  renderWithHooks (node_modules\react-native\Libraries\Renderer\implementations\ReactFabric-dev.js)
  updateFunctionComponent (node_modules\react-native\Libraries\Renderer\implementations\ReactFabric-dev.js)
  beginWork (node_modules\react-native\Libraries\Renderer\implementations\ReactFabric-dev.js)
  runWithFiberInDEV (node_modules\react-native\Libraries\Renderer\implementations\ReactFabric-dev.js)
  performUnitOfWork (node_modules\react-native\Libraries\Renderer\implementations\ReactFabric-dev.js)
  workLoopSync (node_modules\react-native\Libraries\Renderer\implementations\ReactFabric-dev.js)
  renderRootSync (node_modules\react-native\Libraries\Renderer\implementations\ReactFabric-dev.js)
  performWorkOnRoot (node_modules\react-native\Libraries\Renderer\implementations\ReactFabric-dev.js)
  performWorkOnRootViaSchedulerTask (node_modules\react-native\Libraries\Renderer\implementations\ReactFabric-dev.js) 

Call Stack
  ExpoRoot (node_modules\expo-router\build\ExpoRoot.js)
  App (node_modules\expo-router\build\qualified-entry.js)
  WithDevTools (node_modules\expo\src\launch\withDevTools.tsx)
Web node_modules\expo-router\entry.js ░░░░░░░░░░░░░░░░  0.0% (0/1)
λ Bundled 30ms node_modules\expo-router\node\render.js (1 module)
Web Bundled 339ms node_modules\expo-router\entry.js (1 module)
Web Bundled 28ms node_modules\expo-router\entry.js (1 module)
 LOG  [web] Logs will appear in the browser console
Android node_modules\expo-router\entry.js ░░░░░░░░░░░░░░░░  0.0% (0/1)
Android Bundled 58ms node_modules\expo-router\entry.js (1 module)
 WARN  Route "./(auth)/_layout.tsx" is missing the required default export. Ensure a React component is exported as default.
 WARN  Route "./(auth)/sign-in.tsx" is missing the required default export. Ensure a React component is exported as default.
 WARN  Route "./(auth)/sign-up.tsx" is missing the required default export. Ensure a React component is exported as default.
 WARN  Route "./(home)/_layout.tsx" is missing the required default export. Ensure a React component is exported as default.
 WARN  Route "./(home)/index.tsx" is missing the required default export. Ensure a React component is exported as default.
 WARN  Route "./(tabs)/_layout.tsx" is missing the required default export. Ensure a React component is exported as default.
 WARN  Route "./_layout.tsx" is missing the required default export. Ensure a React component is exported as default.
 ERROR  [Error: Cannot find native module 'ExpoCryptoAES'] 

Call Stack
  requireNativeModule (node_modules\expo-modules-core\src\requireNativeModule.ts)
  <global> (node_modules\expo-auth-session\node_modules\expo-crypto\build\aes\ExpoCryptoAES.js)
  loadModuleImplementation (node_modules\expo\node_modules\@expo\cli\build\metro-require\require.js)
  guardedLoadModule (node_modules\expo\node_modules\@expo\cli\build\metro-require\require.js)
  metroRequire (node_modules\expo\node_modules\@expo\cli\build\metro-require\require.js)
  <global> (node_modules\expo-auth-session\node_modules\expo-crypto\build\aes\index.js)
  loadModuleImplementation (node_modules\expo\node_modules\@expo\cli\build\metro-require\require.js)
  guardedLoadModule (node_modules\expo\node_modules\@expo\cli\build\metro-require\require.js)
  metroRequire (node_modules\expo\node_modules\@expo\cli\build\metro-require\require.js)
  <global> (node_modules\expo-auth-session\node_modules\expo-crypto\build\Crypto.js)
  loadModuleImplementation (node_modules\expo\node_modules\@expo\cli\build\metro-require\require.js)
  guardedLoadModule (node_modules\expo\node_modules\@expo\cli\build\metro-require\require.js)
  metroRequire (node_modules\expo\node_modules\@expo\cli\build\metro-require\require.js)
  <global> (node_modules\expo-auth-session\build\PKCE.js)
  loadModuleImplementation (node_modules\expo\node_modules\@expo\cli\build\metro-require\require.js)
  guardedLoadModule (node_modules\expo\node_modules\@expo\cli\build\metro-require\require.js)
  metroRequire (node_modules\expo\node_modules\@expo\cli\build\metro-require\require.js)
  <global> (node_modules\expo-auth-session\build\AuthRequest.js)
  loadModuleImplementation (node_modules\expo\node_modules\@expo\cli\build\metro-require\require.js)
  guardedLoadModule (node_modules\expo\node_modules\@expo\cli\build\metro-require\require.js)
  metroRequire (node_modules\expo\node_modules\@expo\cli\build\metro-require\require.js)
  <global> (node_modules\expo-auth-session\build\index.js)
  loadModuleImplementation (node_modules\expo\node_modules\@expo\cli\build\metro-require\require.js)
  guardedLoadModule (node_modules\expo\node_modules\@expo\cli\build\metro-require\require.js)
  metroRequire (node_modules\expo\node_modules\@expo\cli\build\metro-require\require.js)
  <global> (node_modules\@clerk\expo\dist\hooks\useSSO.js)
  loadModuleImplementation (node_modules\expo\node_modules\@expo\cli\build\metro-require\require.js)
  guardedLoadModule (node_modules\expo\node_modules\@expo\cli\build\metro-require\require.js)
  metroRequire (node_modules\expo\node_modules\@expo\cli\build\metro-require\require.js)
  <global> (node_modules\@clerk\expo\dist\hooks\index.js)
  loadModuleImplementation (node_modules\expo\node_modules\@expo\cli\build\metro-require\require.js)
  guardedLoadModule (node_modules\expo\node_modules\@expo\cli\build\metro-require\require.js)
  metroRequire (node_modules\expo\node_modules\@expo\cli\build\metro-require\require.js)
  <global> (node_modules\@clerk\expo\dist\index.js)
  loadModuleImplementation (node_modules\expo\node_modules\@expo\cli\build\metro-require\require.js)
  guardedLoadModule (node_modules\expo\node_modules\@expo\cli\build\metro-require\require.js)
  metroRequire (node_modules\expo\node_modules\@expo\cli\build\metro-require\require.js)
  <global> (app\(auth)\_layout.tsx)
  loadModuleImplementation (node_modules\expo\node_modules\@expo\cli\build\metro-require\require.js)
  guardedLoadModule (node_modules\expo\node_modules\@expo\cli\build\metro-require\require.js)
  metroRequire (node_modules\expo\node_modules\@expo\cli\build\metro-require\require.js)
  Object.defineProperties$argument_1.auth_layoutTsx.get (app)
  metroContext (app)
  node.loadRoute (node_modules\expo-router\build\getRoutesCore.js)
  getDirectoryTree (node_modules\expo-router\build\getRoutesCore.js)
  getDirectoryTree (node_modules\expo-router\build\getRoutesCore.js)
  getRoutes (node_modules\expo-router\build\getRoutesCore.js)
  getRoutes (node_modules\expo-router\build\getRoutes.js)
  useStore (node_modules\expo-router\build\global-state\router-store.js)
  ContextNavigator (node_modules\expo-router\build\ExpoRoot.js)
  callComponent.reactStackBottomFrame (node_modules\react-native\Libraries\Renderer\implementations\ReactFabric-dev.js)
  renderWithHooks (node_modules\react-native\Libraries\Renderer\implementations\ReactFabric-dev.js)
  updateFunctionComponent (node_modules\react-native\Libraries\Renderer\implementations\ReactFabric-dev.js)
  beginWork (node_modules\react-native\Libraries\Renderer\implementations\ReactFabric-dev.js)
  runWithFiberInDEV (node_modules\react-native\Libraries\Renderer\implementations\ReactFabric-dev.js)
  performUnitOfWork (node_modules\react-native\Libraries\Renderer\implementations\ReactFabric-dev.js)
  workLoopSync (node_modules\react-native\Libraries\Renderer\implementations\ReactFabric-dev.js)
  renderRootSync (node_modules\react-native\Libraries\Renderer\implementations\ReactFabric-dev.js)
  performWorkOnRoot (node_modules\react-native\Libraries\Renderer\implementations\ReactFabric-dev.js)
  performWorkOnRootViaSchedulerTask (node_modules\react-native\Libraries\Renderer\implementations\ReactFabric-dev.js) 

Call Stack
  ExpoRoot (node_modules\expo-router\build\ExpoRoot.js)
  App (node_modules\expo-router\build\qualified-entry.js)
  WithDevTools (node_modules\expo\src\launch\withDevTools.tsx)
 ERROR  [Error: Cannot find native module 'ExpoCryptoAES'] 

Call Stack
  requireNativeModule (node_modules\expo-modules-core\src\requireNativeModule.ts)
  <global> (node_modules\expo-auth-session\node_modules\expo-crypto\build\aes\ExpoCryptoAES.js)
  loadModuleImplementation (node_modules\expo\node_modules\@expo\cli\build\metro-require\require.js)
  guardedLoadModule (node_modules\expo\node_modules\@expo\cli\build\metro-require\require.js)
  metroRequire (node_modules\expo\node_modules\@expo\cli\build\metro-require\require.js)
  <global> (node_modules\expo-auth-session\node_modules\expo-crypto\build\aes\index.js)
  loadModuleImplementation (node_modules\expo\node_modules\@expo\cli\build\metro-require\require.js)
  guardedLoadModule (node_modules\expo\node_modules\@expo\cli\build\metro-require\require.js)
  metroRequire (node_modules\expo\node_modules\@expo\cli\build\metro-require\require.js)
  <global> (node_modules\expo-auth-session\node_modules\expo-crypto\build\Crypto.js)
  loadModuleImplementation (node_modules\expo\node_modules\@expo\cli\build\metro-require\require.js)
  guardedLoadModule (node_modules\expo\node_modules\@expo\cli\build\metro-require\require.js)
  metroRequire (node_modules\expo\node_modules\@expo\cli\build\metro-require\require.js)
  <global> (node_modules\expo-auth-session\build\PKCE.js)
  loadModuleImplementation (node_modules\expo\node_modules\@expo\cli\build\metro-require\require.js)
  guardedLoadModule (node_modules\expo\node_modules\@expo\cli\build\metro-require\require.js)
  metroRequire (node_modules\expo\node_modules\@expo\cli\build\metro-require\require.js)
  <global> (node_modules\expo-auth-session\build\AuthRequest.js)
  loadModuleImplementation (node_modules\expo\node_modules\@expo\cli\build\metro-require\require.js)
  guardedLoadModule (node_modules\expo\node_modules\@expo\cli\build\metro-require\require.js)
  metroRequire (node_modules\expo\node_modules\@expo\cli\build\metro-require\require.js)
  <global> (node_modules\expo-auth-session\build\index.js)
  loadModuleImplementation (node_modules\expo\node_modules\@expo\cli\build\metro-require\require.js)
  guardedLoadModule (node_modules\expo\node_modules\@expo\cli\build\metro-require\require.js)
  metroRequire (node_modules\expo\node_modules\@expo\cli\build\metro-require\require.js)
  <global> (node_modules\@clerk\expo\dist\hooks\useSSO.js)
  loadModuleImplementation (node_modules\expo\node_modules\@expo\cli\build\metro-require\require.js)
  guardedLoadModule (node_modules\expo\node_modules\@expo\cli\build\metro-require\require.js)
  metroRequire (node_modules\expo\node_modules\@expo\cli\build\metro-require\require.js)
  <global> (node_modules\@clerk\expo\dist\hooks\index.js)
  loadModuleImplementation (node_modules\expo\node_modules\@expo\cli\build\metro-require\require.js)
  guardedLoadModule (node_modules\expo\node_modules\@expo\cli\build\metro-require\require.js)
  metroRequire (node_modules\expo\node_modules\@expo\cli\build\metro-require\require.js)
  <global> (node_modules\@clerk\expo\dist\index.js)
  loadModuleImplementation (node_modules\expo\node_modules\@expo\cli\build\metro-require\require.js)
  guardedLoadModule (node_modules\expo\node_modules\@expo\cli\build\metro-require\require.js)
  metroRequire (node_modules\expo\node_modules\@expo\cli\build\metro-require\require.js)
  <global> (app\(auth)\_layout.tsx)
  loadModuleImplementation (node_modules\expo\node_modules\@expo\cli\build\metro-require\require.js)
  guardedLoadModule (node_modules\expo\node_modules\@expo\cli\build\metro-require\require.js)
  metroRequire (node_modules\expo\node_modules\@expo\cli\build\metro-require\require.js)
  Object.defineProperties$argument_1.auth_layoutTsx.get (app)
  metroContext (app)
  node.loadRoute (node_modules\expo-router\build\getRoutesCore.js)
  getDirectoryTree (node_modules\expo-router\build\getRoutesCore.js)
  getDirectoryTree (node_modules\expo-router\build\getRoutesCore.js)
  getRoutes (node_modules\expo-router\build\getRoutesCore.js)
  getRoutes (node_modules\expo-router\build\getRoutes.js)
  useStore (node_modules\expo-router\build\global-state\router-store.js)
  ContextNavigator (node_modules\expo-router\build\ExpoRoot.js)
  callComponent.reactStackBottomFrame (node_modules\react-native\Libraries\Renderer\implementations\ReactFabric-dev.js)
  renderWithHooks (node_modules\react-native\Libraries\Renderer\implementations\ReactFabric-dev.js)
  updateFunctionComponent (node_modules\react-native\Libraries\Renderer\implementations\ReactFabric-dev.js)
  beginWork (node_modules\react-native\Libraries\Renderer\implementations\ReactFabric-dev.js)
  runWithFiberInDEV (node_modules\react-native\Libraries\Renderer\implementations\ReactFabric-dev.js)
  performUnitOfWork (node_modules\react-native\Libraries\Renderer\implementations\ReactFabric-dev.js)
  workLoopSync (node_modules\react-native\Libraries\Renderer\implementations\ReactFabric-dev.js)
  renderRootSync (node_modules\react-native\Libraries\Renderer\implementations\ReactFabric-dev.js)
  performWorkOnRoot (node_modules\react-native\Libraries\Renderer\implementations\ReactFabric-dev.js)
  performWorkOnRootViaSchedulerTask (node_modules\react-native\Libraries\Renderer\implementations\ReactFabric-dev.js) 

Call Stack
  ExpoRoot (node_modules\expo-router\build\ExpoRoot.js)
  App (node_modules\expo-router\build\qualified-entry.js)
  WithDevTools (node_modules\expo\src\launch\withDevTools.tsx)
 ERROR  [Error: Cannot find native module 'ExpoCryptoAES'] 

Call Stack
  requireNativeModule (node_modules\expo-modules-core\src\requireNativeModule.ts)
  <global> (node_modules\expo-auth-session\node_modules\expo-crypto\build\aes\ExpoCryptoAES.js)
  loadModuleImplementation (node_modules\expo\node_modules\@expo\cli\build\metro-require\require.js)
  guardedLoadModule (node_modules\expo\node_modules\@expo\cli\build\metro-require\require.js)
  metroRequire (node_modules\expo\node_modules\@expo\cli\build\metro-require\require.js)
  <global> (node_modules\expo-auth-session\node_modules\expo-crypto\build\aes\index.js)
  loadModuleImplementation (node_modules\expo\node_modules\@expo\cli\build\metro-require\require.js)
  guardedLoadModule (node_modules\expo\node_modules\@expo\cli\build\metro-require\require.js)
  metroRequire (node_modules\expo\node_modules\@expo\cli\build\metro-require\require.js)
  <global> (node_modules\expo-auth-session\node_modules\expo-crypto\build\Crypto.js)
  loadModuleImplementation (node_modules\expo\node_modules\@expo\cli\build\metro-require\require.js)
  guardedLoadModule (node_modules\expo\node_modules\@expo\cli\build\metro-require\require.js)
  metroRequire (node_modules\expo\node_modules\@expo\cli\build\metro-require\require.js)
  <global> (node_modules\expo-auth-session\build\PKCE.js)
  loadModuleImplementation (node_modules\expo\node_modules\@expo\cli\build\metro-require\require.js)
  guardedLoadModule (node_modules\expo\node_modules\@expo\cli\build\metro-require\require.js)
  metroRequire (node_modules\expo\node_modules\@expo\cli\build\metro-require\require.js)
  <global> (node_modules\expo-auth-session\build\AuthRequest.js)
  loadModuleImplementation (node_modules\expo\node_modules\@expo\cli\build\metro-require\require.js)
  guardedLoadModule (node_modules\expo\node_modules\@expo\cli\build\metro-require\require.js)
  metroRequire (node_modules\expo\node_modules\@expo\cli\build\metro-require\require.js)
  <global> (node_modules\expo-auth-session\build\index.js)
  loadModuleImplementation (node_modules\expo\node_modules\@expo\cli\build\metro-require\require.js)
  guardedLoadModule (node_modules\expo\node_modules\@expo\cli\build\metro-require\require.js)
  metroRequire (node_modules\expo\node_modules\@expo\cli\build\metro-require\require.js)
  <global> (node_modules\@clerk\expo\dist\hooks\useSSO.js)
  loadModuleImplementation (node_modules\expo\node_modules\@expo\cli\build\metro-require\require.js)
  guardedLoadModule (node_modules\expo\node_modules\@expo\cli\build\metro-require\require.js)
  metroRequire (node_modules\expo\node_modules\@expo\cli\build\metro-require\require.js)
  <global> (node_modules\@clerk\expo\dist\hooks\index.js)
  loadModuleImplementation (node_modules\expo\node_modules\@expo\cli\build\metro-require\require.js)
  guardedLoadModule (node_modules\expo\node_modules\@expo\cli\build\metro-require\require.js)
  metroRequire (node_modules\expo\node_modules\@expo\cli\build\metro-require\require.js)
  <global> (node_modules\@clerk\expo\dist\index.js)
  loadModuleImplementation (node_modules\expo\node_modules\@expo\cli\build\metro-require\require.js)
  guardedLoadModule (node_modules\expo\node_modules\@expo\cli\build\metro-require\require.js)
  metroRequire (node_modules\expo\node_modules\@expo\cli\build\metro-require\require.js)
  <global> (app\(auth)\_layout.tsx)
  loadModuleImplementation (node_modules\expo\node_modules\@expo\cli\build\metro-require\require.js)
  guardedLoadModule (node_modules\expo\node_modules\@expo\cli\build\metro-require\require.js)
  metroRequire (node_modules\expo\node_modules\@expo\cli\build\metro-require\require.js)
  Object.defineProperties$argument_1.auth_layoutTsx.get (app)
  metroContext (app)
  node.loadRoute (node_modules\expo-router\build\getRoutesCore.js)
  getDirectoryTree (node_modules\expo-router\build\getRoutesCore.js)
  getDirectoryTree (node_modules\expo-router\build\getRoutesCore.js)
  getRoutes (node_modules\expo-router\build\getRoutesCore.js)
  getRoutes (node_modules\expo-router\build\getRoutes.js)
  useStore (node_modules\expo-router\build\global-state\router-store.js)
  ContextNavigator (node_modules\expo-router\build\ExpoRoot.js)
  callComponent.reactStackBottomFrame (node_modules\react-native\Libraries\Renderer\implementations\ReactFabric-dev.js)
  renderWithHooks (node_modules\react-native\Libraries\Renderer\implementations\ReactFabric-dev.js)
  updateFunctionComponent (node_modules\react-native\Libraries\Renderer\implementations\ReactFabric-dev.js)
  beginWork (node_modules\react-native\Libraries\Renderer\implementations\ReactFabric-dev.js)
  runWithFiberInDEV (node_modules\react-native\Libraries\Renderer\implementations\ReactFabric-dev.js)
  performUnitOfWork (node_modules\react-native\Libraries\Renderer\implementations\ReactFabric-dev.js)
  workLoopSync (node_modules\react-native\Libraries\Renderer\implementations\ReactFabric-dev.js)
  renderRootSync (node_modules\react-native\Libraries\Renderer\implementations\ReactFabric-dev.js)
  performWorkOnRoot (node_modules\react-native\Libraries\Renderer\implementations\ReactFabric-dev.js)
  performWorkOnRootViaSchedulerTask (node_modules\react-native\Libraries\Renderer\implementations\ReactFabric-dev.js) 

Call Stack
  ExpoRoot (node_modules\expo-router\build\ExpoRoot.js)
  App (node_modules\expo-router\build\qualified-entry.js)
  WithDevTools (node_modules\expo\src\launch\withDevTools.tsx)
 ERROR  [Error: Cannot find native module 'ExpoCryptoAES'] 

Call Stack
  requireNativeModule (node_modules\expo-modules-core\src\requireNativeModule.ts)
  <global> (node_modules\expo-auth-session\node_modules\expo-crypto\build\aes\ExpoCryptoAES.js)
  loadModuleImplementation (node_modules\expo\node_modules\@expo\cli\build\metro-require\require.js)
  guardedLoadModule (node_modules\expo\node_modules\@expo\cli\build\metro-require\require.js)
  metroRequire (node_modules\expo\node_modules\@expo\cli\build\metro-require\require.js)
  <global> (node_modules\expo-auth-session\node_modules\expo-crypto\build\aes\index.js)
  loadModuleImplementation (node_modules\expo\node_modules\@expo\cli\build\metro-require\require.js)
  guardedLoadModule (node_modules\expo\node_modules\@expo\cli\build\metro-require\require.js)
  metroRequire (node_modules\expo\node_modules\@expo\cli\build\metro-require\require.js)
  <global> (node_modules\expo-auth-session\node_modules\expo-crypto\build\Crypto.js)
  loadModuleImplementation (node_modules\expo\node_modules\@expo\cli\build\metro-require\require.js)
  guardedLoadModule (node_modules\expo\node_modules\@expo\cli\build\metro-require\require.js)
  metroRequire (node_modules\expo\node_modules\@expo\cli\build\metro-require\require.js)
  <global> (node_modules\expo-auth-session\build\PKCE.js)
  loadModuleImplementation (node_modules\expo\node_modules\@expo\cli\build\metro-require\require.js)
  guardedLoadModule (node_modules\expo\node_modules\@expo\cli\build\metro-require\require.js)
  metroRequire (node_modules\expo\node_modules\@expo\cli\build\metro-require\require.js)
  <global> (node_modules\expo-auth-session\build\AuthRequest.js)
  loadModuleImplementation (node_modules\expo\node_modules\@expo\cli\build\metro-require\require.js)
  guardedLoadModule (node_modules\expo\node_modules\@expo\cli\build\metro-require\require.js)
  metroRequire (node_modules\expo\node_modules\@expo\cli\build\metro-require\require.js)
  <global> (node_modules\expo-auth-session\build\index.js)
  loadModuleImplementation (node_modules\expo\node_modules\@expo\cli\build\metro-require\require.js)
  guardedLoadModule (node_modules\expo\node_modules\@expo\cli\build\metro-require\require.js)
  metroRequire (node_modules\expo\node_modules\@expo\cli\build\metro-require\require.js)
  <global> (node_modules\@clerk\expo\dist\hooks\useSSO.js)
  loadModuleImplementation (node_modules\expo\node_modules\@expo\cli\build\metro-require\require.js)
  guardedLoadModule (node_modules\expo\node_modules\@expo\cli\build\metro-require\require.js)
  metroRequire (node_modules\expo\node_modules\@expo\cli\build\metro-require\require.js)
  <global> (node_modules\@clerk\expo\dist\hooks\index.js)
  loadModuleImplementation (node_modules\expo\node_modules\@expo\cli\build\metro-require\require.js)
  guardedLoadModule (node_modules\expo\node_modules\@expo\cli\build\metro-require\require.js)
  metroRequire (node_modules\expo\node_modules\@expo\cli\build\metro-require\require.js)
  <global> (node_modules\@clerk\expo\dist\index.js)
  loadModuleImplementation (node_modules\expo\node_modules\@expo\cli\build\metro-require\require.js)
  guardedLoadModule (node_modules\expo\node_modules\@expo\cli\build\metro-require\require.js)
  metroRequire (node_modules\expo\node_modules\@expo\cli\build\metro-require\require.js)
  <global> (app\(auth)\_layout.tsx)
  loadModuleImplementation (node_modules\expo\node_modules\@expo\cli\build\metro-require\require.js)
  guardedLoadModule (node_modules\expo\node_modules\@expo\cli\build\metro-require\require.js)
  metroRequire (node_modules\expo\node_modules\@expo\cli\build\metro-require\require.js)
  Object.defineProperties$argument_1.auth_layoutTsx.get (app)
  metroContext (app)
  node.loadRoute (node_modules\expo-router\build\getRoutesCore.js)
  getDirectoryTree (node_modules\expo-router\build\getRoutesCore.js)
  getDirectoryTree (node_modules\expo-router\build\getRoutesCore.js)
  getRoutes (node_modules\expo-router\build\getRoutesCore.js)
  getRoutes (node_modules\expo-router\build\getRoutes.js)
  useStore (node_modules\expo-router\build\global-state\router-store.js)
  ContextNavigator (node_modules\expo-router\build\ExpoRoot.js)
  callComponent.reactStackBottomFrame (node_modules\react-native\Libraries\Renderer\implementations\ReactFabric-dev.js)
  renderWithHooks (node_modules\react-native\Libraries\Renderer\implementations\ReactFabric-dev.js)
  updateFunctionComponent (node_modules\react-native\Libraries\Renderer\implementations\ReactFabric-dev.js)
  beginWork (node_modules\react-native\Libraries\Renderer\implementations\ReactFabric-dev.js)
  runWithFiberInDEV (node_modules\react-native\Libraries\Renderer\implementations\ReactFabric-dev.js)
  performUnitOfWork (node_modules\react-native\Libraries\Renderer\implementations\ReactFabric-dev.js)
  workLoopSync (node_modules\react-native\Libraries\Renderer\implementations\ReactFabric-dev.js)
  renderRootSync (node_modules\react-native\Libraries\Renderer\implementations\ReactFabric-dev.js)
  performWorkOnRoot (node_modules\react-native\Libraries\Renderer\implementations\ReactFabric-dev.js)
  performWorkOnRootViaSchedulerTask (node_modules\react-native\Libraries\Renderer\implementations\ReactFabric-dev.js) 

Call Stack
  ExpoRoot (node_modules\expo-router\build\ExpoRoot.js)
  App (node_modules\expo-router\build\qualified-entry.js)
  WithDevTools (node_modules\expo\src\launch\withDevTools.tsx)
 ERROR  [Error: Cannot find native module 'ExpoCryptoAES'] 

Call Stack
  requireNativeModule (node_modules\expo-modules-core\src\requireNativeModule.ts)
  <global> (node_modules\expo-auth-session\node_modules\expo-crypto\build\aes\ExpoCryptoAES.js)
  loadModuleImplementation (node_modules\expo\node_modules\@expo\cli\build\metro-require\require.js)
  guardedLoadModule (node_modules\expo\node_modules\@expo\cli\build\metro-require\require.js)
  metroRequire (node_modules\expo\node_modules\@expo\cli\build\metro-require\require.js)
  <global> (node_modules\expo-auth-session\node_modules\expo-crypto\build\aes\index.js)
  loadModuleImplementation (node_modules\expo\node_modules\@expo\cli\build\metro-require\require.js)
  guardedLoadModule (node_modules\expo\node_modules\@expo\cli\build\metro-require\require.js)
  metroRequire (node_modules\expo\node_modules\@expo\cli\build\metro-require\require.js)
  <global> (node_modules\expo-auth-session\node_modules\expo-crypto\build\Crypto.js)
  loadModuleImplementation (node_modules\expo\node_modules\@expo\cli\build\metro-require\require.js)
  guardedLoadModule (node_modules\expo\node_modules\@expo\cli\build\metro-require\require.js)
  metroRequire (node_modules\expo\node_modules\@expo\cli\build\metro-require\require.js)
  <global> (node_modules\expo-auth-session\build\PKCE.js)
  loadModuleImplementation (node_modules\expo\node_modules\@expo\cli\build\metro-require\require.js)
  guardedLoadModule (node_modules\expo\node_modules\@expo\cli\build\metro-require\require.js)
  metroRequire (node_modules\expo\node_modules\@expo\cli\build\metro-require\require.js)
  <global> (node_modules\expo-auth-session\build\AuthRequest.js)
  loadModuleImplementation (node_modules\expo\node_modules\@expo\cli\build\metro-require\require.js)
  guardedLoadModule (node_modules\expo\node_modules\@expo\cli\build\metro-require\require.js)
  metroRequire (node_modules\expo\node_modules\@expo\cli\build\metro-require\require.js)
  <global> (node_modules\expo-auth-session\build\index.js)
  loadModuleImplementation (node_modules\expo\node_modules\@expo\cli\build\metro-require\require.js)
  guardedLoadModule (node_modules\expo\node_modules\@expo\cli\build\metro-require\require.js)
  metroRequire (node_modules\expo\node_modules\@expo\cli\build\metro-require\require.js)
  <global> (node_modules\@clerk\expo\dist\hooks\useSSO.js)
  loadModuleImplementation (node_modules\expo\node_modules\@expo\cli\build\metro-require\require.js)
  guardedLoadModule (node_modules\expo\node_modules\@expo\cli\build\metro-require\require.js)
  metroRequire (node_modules\expo\node_modules\@expo\cli\build\metro-require\require.js)
  <global> (node_modules\@clerk\expo\dist\hooks\index.js)
  loadModuleImplementation (node_modules\expo\node_modules\@expo\cli\build\metro-require\require.js)
  guardedLoadModule (node_modules\expo\node_modules\@expo\cli\build\metro-require\require.js)
  metroRequire (node_modules\expo\node_modules\@expo\cli\build\metro-require\require.js)
  <global> (node_modules\@clerk\expo\dist\index.js)
  loadModuleImplementation (node_modules\expo\node_modules\@expo\cli\build\metro-require\require.js)
  guardedLoadModule (node_modules\expo\node_modules\@expo\cli\build\metro-require\require.js)
  metroRequire (node_modules\expo\node_modules\@expo\cli\build\metro-require\require.js)
  <global> (app\(auth)\_layout.tsx)
  loadModuleImplementation (node_modules\expo\node_modules\@expo\cli\build\metro-require\require.js)
  guardedLoadModule (node_modules\expo\node_modules\@expo\cli\build\metro-require\require.js)
  metroRequire (node_modules\expo\node_modules\@expo\cli\build\metro-require\require.js)
  Object.defineProperties$argument_1.auth_layoutTsx.get (app)
  metroContext (app)
  node.loadRoute (node_modules\expo-router\build\getRoutesCore.js)
  getDirectoryTree (node_modules\expo-router\build\getRoutesCore.js)
  getDirectoryTree (node_modules\expo-router\build\getRoutesCore.js)
  getRoutes (node_modules\expo-router\build\getRoutesCore.js)
  getRoutes (node_modules\expo-router\build\getRoutes.js)
  useStore (node_modules\expo-router\build\global-state\router-store.js)
  ContextNavigator (node_modules\expo-router\build\ExpoRoot.js)
  callComponent.reactStackBottomFrame (node_modules\react-native\Libraries\Renderer\implementations\ReactFabric-dev.js)
  renderWithHooks (node_modules\react-native\Libraries\Renderer\implementations\ReactFabric-dev.js)
  updateFunctionComponent (node_modules\react-native\Libraries\Renderer\implementations\ReactFabric-dev.js)
  beginWork (node_modules\react-native\Libraries\Renderer\implementations\ReactFabric-dev.js)
  runWithFiberInDEV (node_modules\react-native\Libraries\Renderer\implementations\ReactFabric-dev.js)
  performUnitOfWork (node_modules\react-native\Libraries\Renderer\implementations\ReactFabric-dev.js)
  workLoopSync (node_modules\react-native\Libraries\Renderer\implementations\ReactFabric-dev.js)
  renderRootSync (node_modules\react-native\Libraries\Renderer\implementations\ReactFabric-dev.js)
  performWorkOnRoot (node_modules\react-native\Libraries\Renderer\implementations\ReactFabric-dev.js)
  performWorkOnRootViaSchedulerTask (node_modules\react-native\Libraries\Renderer\implementations\ReactFabric-dev.js) 

Call Stack
  ExpoRoot (node_modules\expo-router\build\ExpoRoot.js)
  App (node_modules\expo-router\build\qualified-entry.js)
  WithDevTools (node_modules\expo\src\launch\withDevTools.tsx)
 ERROR  [Error: Cannot find native module 'ExpoCryptoAES'] 

Call Stack
  requireNativeModule (node_modules\expo-modules-core\src\requireNativeModule.ts)
  <global> (node_modules\expo-auth-session\node_modules\expo-crypto\build\aes\ExpoCryptoAES.js)
  loadModuleImplementation (node_modules\expo\node_modules\@expo\cli\build\metro-require\require.js)
  guardedLoadModule (node_modules\expo\node_modules\@expo\cli\build\metro-require\require.js)
  metroRequire (node_modules\expo\node_modules\@expo\cli\build\metro-require\require.js)
  <global> (node_modules\expo-auth-session\node_modules\expo-crypto\build\aes\index.js)
  loadModuleImplementation (node_modules\expo\node_modules\@expo\cli\build\metro-require\require.js)
  guardedLoadModule (node_modules\expo\node_modules\@expo\cli\build\metro-require\require.js)
  metroRequire (node_modules\expo\node_modules\@expo\cli\build\metro-require\require.js)
  <global> (node_modules\expo-auth-session\node_modules\expo-crypto\build\Crypto.js)
  loadModuleImplementation (node_modules\expo\node_modules\@expo\cli\build\metro-require\require.js)
  guardedLoadModule (node_modules\expo\node_modules\@expo\cli\build\metro-require\require.js)
  metroRequire (node_modules\expo\node_modules\@expo\cli\build\metro-require\require.js)
  <global> (node_modules\expo-auth-session\build\PKCE.js)
  loadModuleImplementation (node_modules\expo\node_modules\@expo\cli\build\metro-require\require.js)
  guardedLoadModule (node_modules\expo\node_modules\@expo\cli\build\metro-require\require.js)
  metroRequire (node_modules\expo\node_modules\@expo\cli\build\metro-require\require.js)
  <global> (node_modules\expo-auth-session\build\AuthRequest.js)
  loadModuleImplementation (node_modules\expo\node_modules\@expo\cli\build\metro-require\require.js)
  guardedLoadModule (node_modules\expo\node_modules\@expo\cli\build\metro-require\require.js)
  metroRequire (node_modules\expo\node_modules\@expo\cli\build\metro-require\require.js)
  <global> (node_modules\expo-auth-session\build\index.js)
  loadModuleImplementation (node_modules\expo\node_modules\@expo\cli\build\metro-require\require.js)
  guardedLoadModule (node_modules\expo\node_modules\@expo\cli\build\metro-require\require.js)
  metroRequire (node_modules\expo\node_modules\@expo\cli\build\metro-require\require.js)
  <global> (node_modules\@clerk\expo\dist\hooks\useSSO.js)
  loadModuleImplementation (node_modules\expo\node_modules\@expo\cli\build\metro-require\require.js)
  guardedLoadModule (node_modules\expo\node_modules\@expo\cli\build\metro-require\require.js)
  metroRequire (node_modules\expo\node_modules\@expo\cli\build\metro-require\require.js)
  <global> (node_modules\@clerk\expo\dist\hooks\index.js)
  loadModuleImplementation (node_modules\expo\node_modules\@expo\cli\build\metro-require\require.js)
  guardedLoadModule (node_modules\expo\node_modules\@expo\cli\build\metro-require\require.js)
  metroRequire (node_modules\expo\node_modules\@expo\cli\build\metro-require\require.js)
  <global> (node_modules\@clerk\expo\dist\index.js)
  loadModuleImplementation (node_modules\expo\node_modules\@expo\cli\build\metro-require\require.js)
  guardedLoadModule (node_modules\expo\node_modules\@expo\cli\build\metro-require\require.js)
  metroRequire (node_modules\expo\node_modules\@expo\cli\build\metro-require\require.js)
  <global> (app\(auth)\_layout.tsx)
  loadModuleImplementation (node_modules\expo\node_modules\@expo\cli\build\metro-require\require.js)
  guardedLoadModule (node_modules\expo\node_modules\@expo\cli\build\metro-require\require.js)
  metroRequire (node_modules\expo\node_modules\@expo\cli\build\metro-require\require.js)
  Object.defineProperties$argument_1.auth_layoutTsx.get (app)
  metroContext (app)
  node.loadRoute (node_modules\expo-router\build\getRoutesCore.js)
  getDirectoryTree (node_modules\expo-router\build\getRoutesCore.js)
  getDirectoryTree (node_modules\expo-router\build\getRoutesCore.js)
  getRoutes (node_modules\expo-router\build\getRoutesCore.js)
  getRoutes (node_modules\expo-router\build\getRoutes.js)
  useStore (node_modules\expo-router\build\global-state\router-store.js)
  ContextNavigator (node_modules\expo-router\build\ExpoRoot.js)
  callComponent.reactStackBottomFrame (node_modules\react-native\Libraries\Renderer\implementations\ReactFabric-dev.js)
  renderWithHooks (node_modules\react-native\Libraries\Renderer\implementations\ReactFabric-dev.js)
  updateFunctionComponent (node_modules\react-native\Libraries\Renderer\implementations\ReactFabric-dev.js)
  beginWork (node_modules\react-native\Libraries\Renderer\implementations\ReactFabric-dev.js)
  runWithFiberInDEV (node_modules\react-native\Libraries\Renderer\implementations\ReactFabric-dev.js)
  performUnitOfWork (node_modules\react-native\Libraries\Renderer\implementations\ReactFabric-dev.js)
  workLoopSync (node_modules\react-native\Libraries\Renderer\implementations\ReactFabric-dev.js)
  renderRootSync (node_modules\react-native\Libraries\Renderer\implementations\ReactFabric-dev.js)
  performWorkOnRoot (node_modules\react-native\Libraries\Renderer\implementations\ReactFabric-dev.js)
  performWorkOnRootViaSchedulerTask (node_modules\react-native\Libraries\Renderer\implementations\ReactFabric-dev.js) 

Call Stack
  ExpoRoot (node_modules\expo-router\build\ExpoRoot.js)
  App (node_modules\expo-router\build\qualified-entry.js)
  WithDevTools (node_modules\expo\src\launch\withDevTools.tsx)
 ERROR  [Error: Cannot find native module 'ExpoCryptoAES'] 

Call Stack
  requireNativeModule (node_modules\expo-modules-core\src\requireNativeModule.ts)
  <global> (node_modules\expo-auth-session\node_modules\expo-crypto\build\aes\ExpoCryptoAES.js)
  loadModuleImplementation (node_modules\expo\node_modules\@expo\cli\build\metro-require\require.js)
  guardedLoadModule (node_modules\expo\node_modules\@expo\cli\build\metro-require\require.js)
  metroRequire (node_modules\expo\node_modules\@expo\cli\build\metro-require\require.js)
  <global> (node_modules\expo-auth-session\node_modules\expo-crypto\build\aes\index.js)
  loadModuleImplementation (node_modules\expo\node_modules\@expo\cli\build\metro-require\require.js)
  guardedLoadModule (node_modules\expo\node_modules\@expo\cli\build\metro-require\require.js)
  metroRequire (node_modules\expo\node_modules\@expo\cli\build\metro-require\require.js)
  <global> (node_modules\expo-auth-session\node_modules\expo-crypto\build\Crypto.js)
  loadModuleImplementation (node_modules\expo\node_modules\@expo\cli\build\metro-require\require.js)
  guardedLoadModule (node_modules\expo\node_modules\@expo\cli\build\metro-require\require.js)
  metroRequire (node_modules\expo\node_modules\@expo\cli\build\metro-require\require.js)
  <global> (node_modules\expo-auth-session\build\PKCE.js)
  loadModuleImplementation (node_modules\expo\node_modules\@expo\cli\build\metro-require\require.js)
  guardedLoadModule (node_modules\expo\node_modules\@expo\cli\build\metro-require\require.js)
  metroRequire (node_modules\expo\node_modules\@expo\cli\build\metro-require\require.js)
  <global> (node_modules\expo-auth-session\build\AuthRequest.js)
  loadModuleImplementation (node_modules\expo\node_modules\@expo\cli\build\metro-require\require.js)
  guardedLoadModule (node_modules\expo\node_modules\@expo\cli\build\metro-require\require.js)
  metroRequire (node_modules\expo\node_modules\@expo\cli\build\metro-require\require.js)
  <global> (node_modules\expo-auth-session\build\index.js)
  loadModuleImplementation (node_modules\expo\node_modules\@expo\cli\build\metro-require\require.js)
  guardedLoadModule (node_modules\expo\node_modules\@expo\cli\build\metro-require\require.js)
  metroRequire (node_modules\expo\node_modules\@expo\cli\build\metro-require\require.js)
  <global> (node_modules\@clerk\expo\dist\hooks\useSSO.js)
  loadModuleImplementation (node_modules\expo\node_modules\@expo\cli\build\metro-require\require.js)
  guardedLoadModule (node_modules\expo\node_modules\@expo\cli\build\metro-require\require.js)
  metroRequire (node_modules\expo\node_modules\@expo\cli\build\metro-require\require.js)
  <global> (node_modules\@clerk\expo\dist\hooks\index.js)
  loadModuleImplementation (node_modules\expo\node_modules\@expo\cli\build\metro-require\require.js)
  guardedLoadModule (node_modules\expo\node_modules\@expo\cli\build\metro-require\require.js)
  metroRequire (node_modules\expo\node_modules\@expo\cli\build\metro-require\require.js)
  <global> (node_modules\@clerk\expo\dist\index.js)
  loadModuleImplementation (node_modules\expo\node_modules\@expo\cli\build\metro-require\require.js)
  guardedLoadModule (node_modules\expo\node_modules\@expo\cli\build\metro-require\require.js)
  metroRequire (node_modules\expo\node_modules\@expo\cli\build\metro-require\require.js)
  <global> (app\(auth)\_layout.tsx)
  loadModuleImplementation (node_modules\expo\node_modules\@expo\cli\build\metro-require\require.js)
  guardedLoadModule (node_modules\expo\node_modules\@expo\cli\build\metro-require\require.js)
  metroRequire (node_modules\expo\node_modules\@expo\cli\build\metro-require\require.js)
  Object.defineProperties$argument_1.auth_layoutTsx.get (app)
  metroContext (app)
  node.loadRoute (node_modules\expo-router\build\getRoutesCore.js)
  getDirectoryTree (node_modules\expo-router\build\getRoutesCore.js)
  getDirectoryTree (node_modules\expo-router\build\getRoutesCore.js)
  getRoutes (node_modules\expo-router\build\getRoutesCore.js)
  getRoutes (node_modules\expo-router\build\getRoutes.js)
  useStore (node_modules\expo-router\build\global-state\router-store.js)
  ContextNavigator (node_modules\expo-router\build\ExpoRoot.js)
  callComponent.reactStackBottomFrame (node_modules\react-native\Libraries\Renderer\implementations\ReactFabric-dev.js)
  renderWithHooks (node_modules\react-native\Libraries\Renderer\implementations\ReactFabric-dev.js)
  updateFunctionComponent (node_modules\react-native\Libraries\Renderer\implementations\ReactFabric-dev.js)
  beginWork (node_modules\react-native\Libraries\Renderer\implementations\ReactFabric-dev.js)
  runWithFiberInDEV (node_modules\react-native\Libraries\Renderer\implementations\ReactFabric-dev.js)
  performUnitOfWork (node_modules\react-native\Libraries\Renderer\implementations\ReactFabric-dev.js)
  workLoopSync (node_modules\react-native\Libraries\Renderer\implementations\ReactFabric-dev.js)
  renderRootSync (node_modules\react-native\Libraries\Renderer\implementations\ReactFabric-dev.js)
  performWorkOnRoot (node_modules\react-native\Libraries\Renderer\implementations\ReactFabric-dev.js)
  performWorkOnRootViaSchedulerTask (node_modules\react-native\Libraries\Renderer\implementations\ReactFabric-dev.js) 

Call Stack
  ExpoRoot (node_modules\expo-router\build\ExpoRoot.js)
  App (node_modules\expo-router\build\qualified-entry.js)
  WithDevTools (node_modules\expo\src\launch\withDevTools.tsx)
Android node_modules\expo-router\entry.js ░░░░░░░░░░░░░░░░  0.0% (0/1)
Android Bundled 841ms node_modules\expo-router\entry.js (1 module)
 WARN  Route "./(home)/_layout.tsx" is missing the required default export. Ensure a React component is exported as default.
 ERROR  [Error: Cannot find native module 'ExpoCryptoAES'] 

Call Stack
  requireNativeModule (node_modules\expo-modules-core\src\requireNativeModule.ts)
  <global> (node_modules\expo-auth-session\node_modules\expo-crypto\build\aes\ExpoCryptoAES.js)
  loadModuleImplementation (node_modules\expo\node_modules\@expo\cli\build\metro-require\require.js)
  guardedLoadModule (node_modules\expo\node_modules\@expo\cli\build\metro-require\require.js)
  metroRequire (node_modules\expo\node_modules\@expo\cli\build\metro-require\require.js)
  <global> (node_modules\expo-auth-session\node_modules\expo-crypto\build\aes\index.js)
  loadModuleImplementation (node_modules\expo\node_modules\@expo\cli\build\metro-require\require.js)
  guardedLoadModule (node_modules\expo\node_modules\@expo\cli\build\metro-require\require.js)
  metroRequire (node_modules\expo\node_modules\@expo\cli\build\metro-require\require.js)
  <global> (node_modules\expo-auth-session\node_modules\expo-crypto\build\Crypto.js)
  loadModuleImplementation (node_modules\expo\node_modules\@expo\cli\build\metro-require\require.js)
  guardedLoadModule (node_modules\expo\node_modules\@expo\cli\build\metro-require\require.js)
  metroRequire (node_modules\expo\node_modules\@expo\cli\build\metro-require\require.js)
  <global> (node_modules\expo-auth-session\build\PKCE.js)
  loadModuleImplementation (node_modules\expo\node_modules\@expo\cli\build\metro-require\require.js)
  guardedLoadModule (node_modules\expo\node_modules\@expo\cli\build\metro-require\require.js)
  metroRequire (node_modules\expo\node_modules\@expo\cli\build\metro-require\require.js)
  <global> (node_modules\expo-auth-session\build\AuthRequest.js)
  loadModuleImplementation (node_modules\expo\node_modules\@expo\cli\build\metro-require\require.js)
  guardedLoadModule (node_modules\expo\node_modules\@expo\cli\build\metro-require\require.js)
  metroRequire (node_modules\expo\node_modules\@expo\cli\build\metro-require\require.js)
  <global> (node_modules\expo-auth-session\build\index.js)
  loadModuleImplementation (node_modules\expo\node_modules\@expo\cli\build\metro-require\require.js)
  guardedLoadModule (node_modules\expo\node_modules\@expo\cli\build\metro-require\require.js)
  metroRequire (node_modules\expo\node_modules\@expo\cli\build\metro-require\require.js)
  <global> (node_modules\@clerk\expo\dist\hooks\useSSO.js)
  loadModuleImplementation (node_modules\expo\node_modules\@expo\cli\build\metro-require\require.js)
  guardedLoadModule (node_modules\expo\node_modules\@expo\cli\build\metro-require\require.js)
  metroRequire (node_modules\expo\node_modules\@expo\cli\build\metro-require\require.js)
  <global> (node_modules\@clerk\expo\dist\hooks\index.js)
  loadModuleImplementation (node_modules\expo\node_modules\@expo\cli\build\metro-require\require.js)
  guardedLoadModule (node_modules\expo\node_modules\@expo\cli\build\metro-require\require.js)
  metroRequire (node_modules\expo\node_modules\@expo\cli\build\metro-require\require.js)
  <global> (node_modules\@clerk\expo\dist\index.js)
  loadModuleImplementation (node_modules\expo\node_modules\@expo\cli\build\metro-require\require.js)
  guardedLoadModule (node_modules\expo\node_modules\@expo\cli\build\metro-require\require.js)
  metroRequire (node_modules\expo\node_modules\@expo\cli\build\metro-require\require.js)
  <global> (app\(home)\_layout.tsx)
  loadModuleImplementation (node_modules\expo\node_modules\@expo\cli\build\metro-require\require.js)
  guardedLoadModule (node_modules\expo\node_modules\@expo\cli\build\metro-require\require.js)
  metroRequire (node_modules\expo\node_modules\@expo\cli\build\metro-require\require.js)
  Object.defineProperties$argument_1.home_layoutTsx.get (app)
  metroContext (app)
  node.loadRoute (node_modules\expo-router\build\getRoutesCore.js)
  getDirectoryTree (node_modules\expo-router\build\getRoutesCore.js)
  getDirectoryTree (node_modules\expo-router\build\getRoutesCore.js)
  getRoutes (node_modules\expo-router\build\getRoutesCore.js)
  getRoutes (node_modules\expo-router\build\getRoutes.js)
  useStore (node_modules\expo-router\build\global-state\router-store.js)
  ContextNavigator (node_modules\expo-router\build\ExpoRoot.js)
  callComponent.reactStackBottomFrame (node_modules\react-native\Libraries\Renderer\implementations\ReactFabric-dev.js)
  renderWithHooks (node_modules\react-native\Libraries\Renderer\implementations\ReactFabric-dev.js)
  updateFunctionComponent (node_modules\react-native\Libraries\Renderer\implementations\ReactFabric-dev.js)
  beginWork (node_modules\react-native\Libraries\Renderer\implementations\ReactFabric-dev.js)
  runWithFiberInDEV (node_modules\react-native\Libraries\Renderer\implementations\ReactFabric-dev.js)
  performUnitOfWork (node_modules\react-native\Libraries\Renderer\implementations\ReactFabric-dev.js)
  workLoopSync (node_modules\react-native\Libraries\Renderer\implementations\ReactFabric-dev.js)
  renderRootSync (node_modules\react-native\Libraries\Renderer\implementations\ReactFabric-dev.js)
  performWorkOnRoot (node_modules\react-native\Libraries\Renderer\implementations\ReactFabric-dev.js)
  performWorkOnRootViaSchedulerTask (node_modules\react-native\Libraries\Renderer\implementations\ReactFabric-dev.js) 

Call Stack
  ExpoRoot (node_modules\expo-router\build\ExpoRoot.js)
  App (node_modules\expo-router\build\qualified-entry.js)
  WithDevTools (node_modules\expo\src\launch\withDevTools.tsx)
